0.5,0,0.5
0.5,0,0.499999713725235
0.5,0,0.499997723559526
0.5,0,0.499992363296154
0.5,0,0.499982007536845
0.5,0,0.49996507136
0.5,0,0.499940009988915
0.5,0,0.499905318460006
0.5,0,0.499859531291034
0.5,0,0.499801222149325
0.5,0,0.49972900352
0.5,0,0.499641526374195
0.5,0,0.499537479837286
0.5,0,0.499415590857114
0.5,0,0.499274623872205
0.5,0,0.49911338048
0.5,0,0.498930699105075
0.5,0,0.498725454667366
0.5,0,0.498496558250394
0.5,0,0.498242956769485
0.5,0,0.49796363264
0.5,0,0.497657603445555
0.5,0,0.497323921606246
0.5,0,0.496961674046874
0.5,0,0.496569981865165
0.5,0,0.496148
0.5,0,0.495694916899635
0.5,0,0.495209954189926
0.5,0,0.494692366342554
0.5,0,0.494141440343245
0.5,0,0.49355649536
0.5,0,0.492936882411315
0.5,0,0.492281984034406
0.5,0,0.491591213953434
0.5,0,0.490864016747725
0.5,0,0.49009986752
0.5,0,0.489298271564595
0.5,0,0.488458764035686
0.5,0,0.487580909615514
0.5,0,0.486664302182605
0.5,0,0.48570856448
0.5,0,0.484713347783475
0.5,0,0.483678331569766
0.5,0,0.482603223184794
0.5,0,0.481487757511885
0.5,0,0.48033169664
0.5,0,0.479134829531955
0.5,0,0.477896971692646
0.5,0,0.476617964837274
0.5,0,0.475297676559565
0.5,0,0.473936
0.5,0,0.472532853514035
0.5,0,0.471088180340326
0.5,0,0.469601948268954
0.5,0,0.468074149309645
0.5,0,0.46650479936
0.5,0,0.464893937873715
0.5,0,0.463241627528806
0.5,0,0.461547953895834
0.5,0,0.459813025106125
0.5,0,0.45803697152
0.5,0,0.456219945394995
0.5,0,0.454362120554086
0.5,0,0.452463692053914
0.5,0,0.450524875853005
0.5,0,0.44854590848
0.5,0,0.446527046701875
0.5,0,0.444468567192166
0.5,0,0.442370766199194
0.5,0,0.440233959214285
0.5,0,0.43805848064
0.5,0,0.435844683458355
0.5,0,0.433592938899046
0.5,0,0.431303636107674
0.5,0,0.428977181813965
0.5,0,0.426614
0.5,0,0.424214531568435
0.5,0,0.421779234010726
0.5,0,0.419308581075354
0.5,0,0.416803062436045
0.5,0,0.41426318336
0.5,0,0.411689464376115
0.5,0,0.409082440943206
0.5,0,0.406442663118234
0.5,0,0.403770695224525
0.5,0,0.40106711552
0.5,0,0.398332515865395
0.5,0,0.395567501392486
0.5,0,0.392772690172314
0.5,0,0.389948712883405
0.5,0,0.38709621248
0.5,0,0.384215843860275
0.5,0,0.381308273534566
0.5,0,0.378374179293594
0.5,0,0.375414249876685
0.5,0,0.37242918464
0.5,0,0.369419693224755
0.5,0,0.366386495225446
0.5,0,0.363330319858074
0.5,0,0.360251905628365
0.5,0,0.357152
0.5,0,0.354031359062835
0.5,0,0.350890747201126
0.5,0,0.347730936761754
0.5,0,0.344552707722445
0.5,0,0.34135684736
0.5,0,0.338144149918515
0.5,0,0.334915416277606
0.5,0,0.331671453620634
0.5,0,0.328413075102925
0.5,0,0.32514109952
0.5,0,0.321856350975795
0.5,0,0.318559658550886
0.5,0,0.315251855970713
0.5,0,0.311933781273805
0.5,0,0.30860627648
0.5,0,0.305270187258675
0.5,0,0.301926362596966
0.5,0,0.298575654467994
0.5,0,0.295218917499085
0.5,0,0.29185700864
0.5,0,0.288490786831155
0.5,0,0.285121112671846
0.5,0,0.281748848088474
0.5,0,0.278374856002765
0.5,0,0.275
0.5,0,0.271625143997235
0.5,0,0.268251151911526
0.5,0,0.264878887328154
0.5,0,0.261509213168845
0.5,0,0.25814299136
0.5,0,0.254781082500915
0.5,0,0.251424345532006
0.5,0,0.248073637403034
0.5,0,0.244729812741325
0.5,0,0.24139372352
0.5,0,0.238066218726195
0.5,0,0.234748144029286
0.5,0,0.231440341449114
0.5,0,0.228143649024205
0.5,0,0.22485890048
0.5,0,0.221586924897075
0.5,0,0.218328546379366
0.5,0,0.215084583722393
0.5,0,0.211855850081485
0.5,0,0.20864315264
0.5,0,0.205447292277555
0.5,0,0.202269063238246
0.5,0,0.199109252798873
0.5,0,0.195968640937165
0.5,0,0.192848
0.5,0,0.189748094371635
0.5,0,0.186669680141926
0.5,0,0.183613504774554
0.5,0,0.180580306775245
0.5,0,0.17757081536
0.5,0,0.174585750123315
0.5,0,0.171625820706406
0.5,0,0.168691726465434
0.5,0,0.165784156139725
0.5,0,0.16290378752
0.5,0,0.160051287116595
0.5,0,0.157227309827686
0.5,0,0.154432498607514
0.5,0,0.151667484134605
0.5,0,0.14893288448
0.5,0,0.146229304775475
0.5,0,0.143557336881766
0.5,0,0.140917559056794
0.5,0,0.138310535623885
0.5,0,0.13573681664
0.5,0,0.133196937563955
0.5,0,0.130691418924646
0.5,0,0.128220765989273
0.5,0,0.125785468431565
0.5,0,0.123386
0.5,0,0.121022818186035
0.5,0,0.118696363892326
0.5,0,0.116407061100953
0.5,0,0.114155316541645
0.5,0,0.11194151936
0.5,0,0.109766040785715
0.5,0,0.107629233800806
0.5,0,0.105531432807834
0.5,0,0.103472953298125
0.5,0,0.10145409152
0.5,0,0.099475124146995
0.5,0,0.0975363079460861
0.5,0,0.0956378794459134
0.5,0,0.0937800546050047
0.5,0,0.0919630284799999
0.5,0,0.0901869748938749
0.5,0,0.0884520461041662
0.5,0,0.0867583724711934
0.5,0,0.0851060621262845
0.5,0,0.0834952006399998
0.5,0,0.0819258506903551
0.5,0,0.0803980517310462
0.5,0,0.0789118196596734
0.5,0,0.0774671464859648
0.5,0,0.0760639999999997
0.5,0,0.074702323440435
0.5,0,0.0733820351627263
0.5,0,0.0721030283073533
0.5,0,0.0708651704680445
0.5,0,0.0696683033600001
0.5,0,0.0685122424881149
0.5,0,0.0673967768152061
0.5,0,0.0663216684302335
0.5,0,0.0652866522165247
0.5,0,0.0642914355199996
0.5,0,0.0633356978173951
0.5,0,0.0624190903844861
0.5,0,0.0615412359643133
0.5,0,0.0607017284354045
0.5,0,0.0599001324799998
0.5,0,0.0591359832522749
0.5,0,0.0584087860465661
0.5,0,0.0577180159655932
0.5,0,0.0570631175886842
0.5,0,0.0564435046399999
0.5,0,0.055858559656755
0.5,0,0.0553076336574461
0.5,0,0.0547900458100732
0.5,0,0.0543050831003645
0.5,0,0.0538519999999996
0.5,0,0.0534300181348351
0.5,0,0.053038325953126
0.5,0,0.0526760783937529
0.5,0,0.0523423965544445
0.5,0,0.0520363673599998
0.5,0,0.0517570432305154
0.5,0,0.0515034417496064
0.5,0,0.051274545332633
0.5,0,0.0510693008949247
0.5,0,0.0508866195199995
0.5,0,0.0507253761277945
0.5,0,0.050584409142886
0.5,0,0.0504625201627137
0.5,0,0.0503584736258045
0.5,0,0.0502709964799996
0.5,0,0.0501987778506745
0.5,0,0.0501404687089656
0.5,0,0.0500946815399934
0.5,0,0.0500599900110845
0.5,0,0.0500349286399994
0.5,0,0.0500179924631546
0.5,0,0.0500076367038456
0.5,0,0.0500022764404729
0.5,0,0.0500002862747648
0.5,0,0.05
0.5,0,0.05
0.5,0,0.05
0.5,0,0.05
0.5,0,0.05
0.5,0,0.05
0.5,0,0.05
0.5,0,0.05
0.5,0,0.05
0.5,0,0.05
0.5,0,0.05
0.5,0,0.05
0.5,0,0.05
0.5,0,0.05
0.5,0,0.05
0.5,0,0.05
0.5,0,0.05
0.5,0,0.05
0.5,0,0.05
0.5,0,0.05
0.5,0,0.05
0.5,0,0.05
0.5,0,0.05
0.5,0,0.05
0.5,0,0.05
0.5,0,0.05
0.5,0,0.05
0.5,0,0.05
0.5,0,0.05
0.5,0,0.05
0.5,0,0.05
0.5,0,0.05
0.5,0,0.05
0.5,0,0.05
0.5,0,0.05
0.5,0,0.05
0.5,0,0.05
0.5,0,0.05
0.5,0,0.05
0.5,0,0.05
0.5,0,0.05
0.5,0,0.05
0.5,0,0.05
0.5,0,0.05
0.5,0,0.05
0.5,0,0.05
0.5,0,0.05
0.5,0,0.05
0.5,0,0.05
0.5,0,0.05
0.5,0,0.05
0.49999997194916,7.78323242187554e-08,0.0500000700490918
0.499999776185625,6.20321875000002e-07,0.0500005582896875
0.49999924662248,2.0857157226563e-06,0.0500018771441504
0.49999821894,4.92530000000001e-06,0.05000443277
0.499996530578613,9.5834350585939e-06,0.0500086250915527
0.499994020731875,1.6497590625e-05,0.0500148478315625
0.499990530339434,2.60983809570316e-05,0.0500234885428613
0.49998590208,3.88096000000001e-05,0.05003492864
0.499979980364316,5.50482565429685e-05,0.0500495434308887
0.499972611328125,7.52246093750002e-05,0.0500677021484375
0.499963642825137,9.97422024414059e-05,0.0500897679821973
0.49995292442,0.0001289979,0.05011609811
0.49994030738127,0.000163381921777343,0.0501470437295996
0.499925644674375,0.000203277878125001,0.0501829500903125
0.49990879095459,0.000249062805175781,0.0502241565246582
0.49988960256,0.000301107200000001,0.05027099648
0.499867937504473,0.000359775055761718,0.0503237975501855
0.499843655470625,0.000425423896875001,0.0503828815071875
0.499816617802793,0.000498404814160156,0.0504485643327441
0.4997866875,0.000579062500000001,0.05052115625
0.499753729208926,0.000667735283496093,0.0506009617551465
0.499717609216875,0.000764755165625002,0.0506882796490625
0.499678195444746,0.000870447854394531,0.0507834030689551
0.49963535744,0.000985132800000003,0.05088661952
0.499588966369629,0.00110912322998047,0.0509982109069824
0.499538895013125,0.001242726184375,0.0511184535659375
0.499485017755449,0.00138624255087891,0.051247618295791
0.49942721058,0.0015399671,0.05138597039
0.499365351061582,0.00170418852021484,0.0515337696681934
0.499299318359375,0.00187918945312501,0.0516912705078125
0.499228993209902,0.00206524652861328,0.051858721875752
0.49915425792,0.00226263040000001,0.05203636736
0.499074996359785,0.00247160577919922,0.0522244452012793
0.498991093955625,0.002692431471875,0.0524231883246875
0.498902437683105,0.00292536041259766,0.0526328243713379
0.49880891606,0.0031706397,0.05285357573
0.498710419139238,0.0034285106319336,0.0530856595687402
0.498606838501875,0.003699208740625,0.0533292878665625
0.498498067250059,0.00398296382783203,0.0535846674450488
0.498384,0.00428,0.053852
0.498264532874941,0.00459053570341797,0.0541314821330762
0.498139563498125,0.004914783759375,0.0544233053834375
0.498008990985762,0.00525295139931641,0.0547276562593848
0.49787271594,0.0056052403,0.05504471627
0.497730640441895,0.00597184661865235,0.0553746619567871
0.497582668044375,0.006352961028125,0.0557176649253125
0.497428703765215,0.00674876875205079,0.0560738918768457
0.49726865408,0.0071594496,0.05644350464
0.497102426915098,0.00758517800263673,0.0568266602023731
0.496929931640625,0.008026123046875,0.0572235107421875
0.496751079063418,0.00848244851103517,0.0576342036599317
0.49656578142,0.0089543129,0.05805888161
0.496373952369551,0.00944186948037111,0.058497682532334
0.496175506986875,0.009945266315625,0.0589507396840625
0.495970361755371,0.0104646463012695,0.0594181816711426
0.49575843456,0.0110001472,0.05990013248
0.495539644680254,0.0115519016768555,0.0603967115091699
0.495313912783125,0.012120037334375,0.0609080336009375
0.495081160916074,0.0127046767477539,0.0614342090729785
0.4948413125,0.0133059375,0.06197534375
0.494594292322207,0.0139239322170898,0.0625315389953809
0.494340026529375,0.014558768603125,0.0631028917428125
0.494078442620527,0.0152105494754883,0.0636894945279395
0.49380946944,0.0158793728,0.06429143552
0.49353303717041,0.0165653317260742,0.0649087985534668
0.493249077325625,0.017268514621875,0.0655416631596875
0.49295752274373,0.0179890051094727,0.0661901045985254
0.49265830758,0.0187268821,0.06685419389
0.492351367299863,0.0194822198288086,0.0675339978459277
0.492036638671875,0.020255087890625,0.0682295791015625
0.491714059760684,0.021045551274707,0.0689409961472363
0.49138356992,0.0218536704,0.06966830336
0.491045109785566,0.022679501150293,0.0704115510352637
0.490698621268125,0.023523094909375,0.0711707854184375
0.490344047546387,0.0243844985961914,0.0719460487365723
0.48998133306,0.0252637547,0.07273737923
0.48961042350252,0.0261609013155273,0.0735448111839746
0.489231265814375,0.027075972178125,0.0743683749603125
0.48884380817584,0.0280089966989258,0.0752080970290332
0.488448,0.02896,0.076064
0.488043791925723,0.0299290029495117,0.0769361026545606
0.487631135810625,0.030916022196875,0.0778244199771875
0.487209984724043,0.0319210702079102,0.0787289631871192
0.48678029294,0.0329441553,0.07964973977
0.486342015930176,0.0339852816772461,0.0805867535095215
0.485895110356875,0.035044449465625,0.0815400045190625
0.485439534065996,0.0361216547481445,0.0825094892733301
0.48497524608,0.0372168896,0.08349520064
0.484502206590879,0.0383301421237305,0.0844971279113574
0.484020376953125,0.039461396484375,0.0855152568359375
0.483529719676699,0.0406106329446289,0.086549569650166
0.48303019842,0.0417778279,0.08760004511
0.482521777982832,0.0429629539139649,0.0886666585225684
0.482004424299375,0.044165979753125,0.0897493817778125
0.481478104431152,0.0453868704223633,0.090848183380127
0.48094278656,0.0466255872,0.09196302848
0.480398439981035,0.0478820876729492,0.0930938789056543
0.479845035095625,0.049156325771875,0.0942406931946875
0.479282543404355,0.0504482518063477,0.0954034266257129
0.4787109375,0.0517578125,0.09658203125
0.478130191060488,0.0530849510256836,0.0977764559231152
0.477540278841875,0.0544296070406251,0.0989866463365626
0.476941176671309,0.0557917167215821,0.100212545049424
0.47633286144,0.0571712128,0.10145409152
0.475715311096191,0.058568024597168,0.102711222137451
0.475088504638125,0.0599820780593751,0.103983870253438
0.474452422107012,0.0614132957930665,0.10527196621376
0.47380704458,0.0628615971,0.10657543739
0.473152354163145,0.0643268980124023,0.107894208211162
0.472488333984375,0.0658091113281249,0.109228200195312
0.471814968186465,0.0673081466458008,0.110577331981221
0.47113224192,0.0688239104,0.11194151936
0.470440141336348,0.0703563058963867,0.113320675306748
0.469738653580625,0.0719052333468749,0.114714710012187
0.469027766784668,0.0734705899047852,0.116123530914307
0.46830747006,0.0750522697,0.11754704273
0.467577753490801,0.0766501638741211,0.118985147486709
0.466838608126875,0.078264160615625,0.120437744554062
0.466090025976621,0.0798941451950196,0.121904730675518
0.465332,0.08154,0.123386
0.464564524101504,0.0832016045706055,0.124881444113545
0.463787593123125,0.084878835634375,0.126390952070937
0.463001202837324,0.086571567141504,0.127914410427354
0.46220534994,0.0882796703,0.12945170327
0.461400032043457,0.0900030136108398,0.131002712249756
0.460585247669375,0.091741462903125,0.132567316612812
0.459760996241777,0.0934948813692384,0.134145393232315
0.45892727808,0.0952631296,0.13573681664
0.45808409439166,0.0970460656198242,0.137341459057842
0.457231447265625,0.098843544921875,0.138959190429687
0.45636933966498,0.100655420503223,0.1405898784529
0.45549777542,0.1024815429,0.14223338861
0.454616759221113,0.104321760222559,0.143889584200303
0.453726296611875,0.106175918190625,0.145558326371562
0.452826393981934,0.108043860168457,0.147239474151611
0.45191705856,0.1099254272,0.14893288448
0.450998298406816,0.111820458044043,0.150638412239639
0.450070122408125,0.113728789209375,0.152355910288437
0.449132540267637,0.115650254989941,0.154085229490947
0.4481855625,0.1175846875,0.15582621875
0.44722920042377,0.119531916709277,0.15757872503835
0.446263466154375,0.121491770478125,0.159342593430312
0.44528837259709,0.123464074592676,0.161117667133408
0.44430393344,0.1254486528,0.16290378752
0.443310163146973,0.127445326843262,0.164700794158936
0.442307076950625,0.129453916496875,0.166508524847188
0.441294690845293,0.13147423960166,0.168326815641494
0.44027302158,0.1335061121,0.17015550089
0.439242086651426,0.135549348070996,0.171994413263897
0.438201904296875,0.137603759765625,0.173843383789062
0.437152493487246,0.139669157641894,0.175702241877705
0.43609387392,0.1417453504,0.17757081536
0.435026066012129,0.143832145017481,0.179448930515732
0.433949090893125,0.145929346784375,0.181336412105937
0.432862970397949,0.148036759338379,0.183233083404541
0.43176772706,0.1501541847,0.18513876623
0.430663384104082,0.152281423307715,0.187053280976943
0.429549965439375,0.154418274053125,0.188976446647812
0.428427495652402,0.156564534316113,0.190908080884502
0.427296,0.15872,0.192848
0.426155504402285,0.160884465566699,0.194796019010029
0.425006035435625,0.163057724071875,0.196751951664688
0.423847620325605,0.165239567200098,0.198715610480088
0.42268028694,0.1674297853,0.20068680677
0.421504063781738,0.169628167419434,0.20266535067749
0.420318979981875,0.171834501340625,0.204651051206563
0.419125065292559,0.174048573615332,0.206643716253799
0.41792235008,0.1762701696,0.20864315264
0.416710865317441,0.178499073490918,0.210649166141826
0.415490642578125,0.180735068359375,0.212661561523438
0.414261714028262,0.182977936186816,0.214680142568135
0.41302411242,0.1852274579,0.21670471211
0.411777871084395,0.187483413406152,0.218735072065537
0.410523023924375,0.189745581628125,0.220771023465313
0.409259605407715,0.192013740539551,0.222812366485596
0.40798765056,0.1942876672,0.22485890048
0.406707194957598,0.196567137790137,0.226910424011123
0.405418274720625,0.198851927646875,0.228966734882188
0.404120926505918,0.201141811298535,0.231027630168682
0.4028151875,0.2034365625,0.23309290625
0.401501095412051,0.205735954267871,0.235162358841084
0.400178688466875,0.208039758915625,0.237235783024063
0.398848005397871,0.21034774808877,0.239312973279893
0.39750908544,0.2126596928,0.24139372352
0.396161968322754,0.214975363464356,0.24347782711792
0.394806694263125,0.217294529934375,0.245565076940938
0.393443303958574,0.219616961535254,0.247655265381729
0.39207183858,0.2219424271,0.24974818439
0.390692339764707,0.22427069500459,0.251843625504131
0.389304849609375,0.226601533203125,0.253941379882813
0.387909410663027,0.228934709262988,0.256041238336689
0.38650606592,0.2312699904,0.25814299136
0.38509485881291,0.233607143513574,0.260246429162217
0.383675833205625,0.235945935221875,0.262351341699688
0.38224903338623,0.238286131896973,0.264457518707275
0.38081450406,0.2406274997,0.26656474973
0.379372290342363,0.242969804616308,0.268672824154678
0.377922437751875,0.245312812490625,0.270781531241563
0.376464992203184,0.247656289062207,0.272890660155986
0.375,0.25,0.275
0.373527507828066,0.252343710937793,0.277109339844014
0.372047562748125,0.254687187509375,0.279218468758438
0.370560212188887,0.257030195383691,0.281327175845322
0.36906550394,0.2593725003,0.28343525027
0.36756348614502,0.261713868103027,0.285542481292725
0.366054207294375,0.264054064778125,0.287648658300313
0.36453771621834,0.266392856486426,0.289753570837783
0.36301406208,0.2687300096,0.29185700864
0.361483294368223,0.271065290737012,0.293958761663311
0.359945462890625,0.273398466796875,0.296058620117188
0.358400617766543,0.27572930499541,0.298156374495869
0.35684880942,0.2780575729,0.30025181561
0.355290088572676,0.280383038464746,0.302344734618271
0.353724506236875,0.282705470065625,0.304434923059062
0.352152113708496,0.285024636535645,0.30652217288208
0.35057296256,0.2873403072,0.30860627648
0.348987104633379,0.28965225191123,0.310687026720107
0.347394592033125,0.291960241084375,0.312764216975937
0.345795477119199,0.294264045732129,0.314837641158916
0.3441898125,0.2965634375,0.31690709375
0.342577651025332,0.298858188701465,0.318972369831318
0.340959045779375,0.301148072353125,0.321033265117812
0.339334050073652,0.303432862209863,0.323089575988877
0.33770271744,0.3057123328,0.32514109952
0.336065101623535,0.307986259460449,0.327187633514404
0.334421256575625,0.310254418371875,0.329228976534687
0.332771236446855,0.312516586593848,0.331264927934463
0.33111509558,0.3147725421,0.33329528789
0.329452888502988,0.317022063813184,0.335319857431865
0.327784669921875,0.319264931640625,0.337338438476563
0.326110494713808,0.321500926509082,0.339350833858174
0.32443041792,0.3237298304,0.34135684736
0.322744494738691,0.325951426384668,0.343356283746201
0.321052780518125,0.328165498659375,0.345348948793437
0.319355330749512,0.330371832580567,0.34733464932251
0.31765220106,0.3325702147,0.34931319323
0.315943447205644,0.334760432799902,0.351284389519912
0.314229125064375,0.336942275928125,0.353248048335312
0.312509290628965,0.339115534433301,0.355203980989971
0.310784,0.34128,0.357152
0.309053309378848,0.343435465683887,0.359091919115498
0.307317275060625,0.345581725946875,0.361023553352187
0.305575953427168,0.347718576692285,0.362946719023057
0.30382940094,0.3498458153,0.36486123377
0.302077674133301,0.351963240661621,0.366766916595459
0.300320829606875,0.354070653215625,0.368663587894063
0.298558924019121,0.35616785498252,0.370551069484268
0.29679201408,0.3582546496,0.37242918464
0.295020156544004,0.360330842358105,0.374297758122295
0.293243408203125,0.362396240234375,0.376156616210937
0.291461825879824,0.364450651929004,0.378005586736104
0.28967546642,0.3664938879,0.37984449911
0.287884386685957,0.36852576039834,0.381673184358506
0.286088643549375,0.370546083503125,0.383491475152812
0.284288293884277,0.372554673156738,0.385299205841064
0.28248339456,0.3745513472,0.38709621248
0.28067400243416,0.376535925407324,0.388882332866592
0.278860174345625,0.378508229521875,0.390657406569688
0.277041967107481,0.380468083290723,0.392421274961651
0.2752194375,0.3824153125,0.39417378125
0.273392642263613,0.384349745010059,0.395914770509053
0.271561638091875,0.386271210790625,0.397644089711563
0.269726481624434,0.388179541955957,0.399361587760361
0.26788722944,0.3900745728,0.40106711552
0.266043938049316,0.391956139831543,0.402760525848389
0.264196663888125,0.393824081809375,0.404441673628438
0.262345463310137,0.395678239777441,0.406110415799697
0.26049039258,0.3975184571,0.40776661139
0.258631507866269,0.399344579496777,0.4094101215471
0.256768865234375,0.401156455078125,0.411040809570312
0.25490252063959,0.402953934380176,0.412658540942158
0.25303252992,0.4047368704,0.41426318336
0.251158948789473,0.406505118630762,0.415854606767686
0.249281832830625,0.408258537096875,0.417432683387188
0.247401237487793,0.40999698638916,0.418997287750244
0.24551721806,0.4117203297,0.42054829673
0.243629829693926,0.413428432858496,0.422085589572647
0.241739127376875,0.415121164365625,0.423609047929062
0.239845165929746,0.416798395429395,0.425118555886455
0.237948,0.41846,0.426614
0.236047684054629,0.42010585480498,0.428095269324483
0.234144272373125,0.421735839384375,0.429562255445938
0.232237819040449,0.423349836125879,0.431014852513291
0.23032837794,0.4249477303,0.43245295727
0.228416002746582,0.426529410095215,0.433876469085693
0.226500746919375,0.428094766653125,0.435285289987813
0.224582663694902,0.429643694103613,0.436679324693252
0.22266180608,0.4311760896,0.43805848064
0.220738226844785,0.432691853354199,0.439422668018779
0.218811978515625,0.434190888671875,0.440771799804688
0.216883113368105,0.435673101987598,0.442105791788838
0.21495168342,0.4371384029,0.44342456261
0.213017740424238,0.438586704206934,0.44472803378624
0.211081335861875,0.440017921940625,0.446016129746563
0.209142520935059,0.441431975402832,0.447288777862549
0.20720134656,0.4428287872,0.44854590848
0.205257863359942,0.444208283278418,0.449787454950576
0.203312121658125,0.445570392959375,0.451013353663437
0.201364171470762,0.446915048974316,0.452223544076885
0.1994140625,0.4482421875,0.45341796875
0.197461844126895,0.449551748193652,0.454596573374287
0.195507565404375,0.450843674228125,0.455759306805313
0.193551275050215,0.452117912327051,0.456906121094346
0.19159302144,0.4533744128,0.45803697152
0.189632852600098,0.454613129577637,0.459151816619873
0.187670816200625,0.455834020246875,0.460250618222188
0.185706959548418,0.457037046086035,0.461333341477432
0.18374132958,0.4582221721,0.46239995489
0.181773972854551,0.459389367055371,0.463450430349834
0.179804935546875,0.460538603515625,0.464484743164063
0.177834263440371,0.46166985787627,0.465502872088643
0.17586200192,0.4627831104,0.46650479936
0.173888195965254,0.463878345251856,0.46749051072667
0.171912890143125,0.464955550534375,0.468459995480938
0.169936128601074,0.466014718322754,0.469413246490479
0.16795795506,0.4670558447,0.47035026023
0.165978412807207,0.46807892979209,0.471271036812881
0.163997544689375,0.469083977803125,0.472175580022812
0.162015393105527,0.470070997050488,0.473063897345439
0.160032,0.47104,0.473936
0.15804740685541,0.471991003301074,0.474791902970967
0.156061654685625,0.472924027821875,0.475631625039688
0.15407478402873,0.473839098684473,0.476455188816026
0.15208683494,0.4747362453,0.47726262077
0.150097846984863,0.475615501403809,0.478053951263428
0.148107859231875,0.476476905090625,0.478829214581562
0.146116910245684,0.477320498849707,0.479588448964736
0.14412503808,0.4781463296,0.48033169664
0.142132280270566,0.478954448725293,0.481059003852764
0.140138673828125,0.479744912109375,0.481770420898438
0.138144255231387,0.480517780171191,0.482466002154072
0.13614906042,0.4812731179,0.48314580611
0.134153124787519,0.482010994890528,0.483809895401475
0.132156483174375,0.482731485378125,0.484458336840313
0.13015916986084,0.483434668273926,0.485091201446533
0.12816121856,0.4841206272,0.48570856448
0.126162662410723,0.484789450524512,0.48631050547206
0.124163533970625,0.485441231396875,0.486897108257187
0.122163865209043,0.48607606778291,0.487468461004619
0.1201636875,0.4866940625,0.48802465625
0.118163031615176,0.487295323252246,0.488565790927022
0.116161927716875,0.487879962665625,0.489091966399063
0.114160405350996,0.488448098323144,0.48960328849083
0.11215849344,0.4889998528,0.490099867520001
0.110156220275879,0.48953535369873,0.490581818328857
0.108153613513125,0.490054733684375,0.491049260315937
0.106150700161699,0.490558130519629,0.491502317467666
0.10414750658,0.4910456871,0.49194111839
0.102144058467832,0.491517551488964,0.492365796340068
0.100140380859375,0.491973876953125,0.492776489257813
0.0981364981161525,0.492414821997363,0.493173339797627
0.0961324339199998,0.4928405504,0.49355649536
0.0941282112660351,0.493251231247949,0.493926108123154
0.0921238524556249,0.493647038971875,0.494282335074687
0.0901193790893554,0.494028153381348,0.494625338043213
0.0881148120599998,0.494394759699999,0.49495528373
0.0861101715454882,0.494747048600683,0.495272343740615
0.084105477001875,0.495085216240625,0.495576694616562
0.0821007471563086,0.495409464296582,0.495868517866924
0.0800959999999999,0.49572,0.496148
0.0780912527811914,0.496017036172168,0.496415332554951
0.0760865219981249,0.496300791259375,0.496670712133438
0.0740818233920117,0.496571489368067,0.49691434043126
0.0720771719399997,0.4968293603,0.49714642427
0.0700725818481444,0.497074639587403,0.497367175628663
0.0680680665443749,0.497307568528125,0.497576811675313
0.066063638671465,0.4975283942208,0.497775554798721
0.06405931008,0.4977373696,0.49796363264
0.0620550918213477,0.497934753471386,0.498141278124248
0.060050994140625,0.498120810546875,0.498308729492188
0.0580470264696679,0.498295811479785,0.498466230331807
0.05604319742,0.4984600329,0.49861402961
0.0540395147758006,0.498613757449121,0.498752381704209
0.0520359854868748,0.498757273815625,0.498881546434062
0.0500326156616213,0.49889087677002,0.499001789093018
0.0480294105600001,0.4990148672,0.49911338048
0.0460263745865039,0.499129552145606,0.499216596931045
0.044023511283125,0.499235244834375,0.499311720350938
0.0420208233223242,0.499332264716504,0.499399038244854
0.0400183125,0.4994209375,0.49947884375
0.0380159797284568,0.499501595185839,0.499551435667256
0.0360138250293748,0.499574576103125,0.499617118492812
0.0340118475267773,0.499640224944238,0.499676202449815
0.03201004544,0.4996988928,0.499729003520001
0.03000841607666,0.499750937194824,0.499775843475342
0.0280069558256251,0.499796722121875,0.499817049909688
0.0260056601499804,0.499836618078222,0.499852956270401
0.02400452358,0.4998710021,0.49988390189
0.0220035397061132,0.499900257797558,0.499910232017803
0.0200027011718749,0.499924775390626,0.499932297851562
0.0180019996669336,0.499944951743457,0.499950456569111
0.01600142592,0.499961190399999,0.49996507136
0.0140009696918163,0.499973901619043,0.499976511457139
0.0120006197681249,0.499983502409375,0.499985152168438
0.0100003639526366,0.499990416564942,0.499991374908447
0.00800018906,0.4999950747,0.49999556723
0.00600008090876986,0.499997914284278,0.49999812285585
0.00400002431437491,0.499999379678125,0.499999441710313
0.00200000308208997,0.499999922167676,0.499999929950909
0,0.5,0.5
-0.0020000030820898,0.499999922167676,0.5
-0.00400002431437509,0.499999379678125,0.5
-0.00600008090876958,0.499997914284277,0.5
-0.00800018906000001,0.4999950747,0.5
-0.0100003639526367,0.499990416564941,0.5
-0.0120006197681251,0.499983502409375,0.5
-0.0140009696918165,0.499973901619043,0.5
-0.01600142592,0.4999611904,0.5
-0.0180019996669336,0.499944951743457,0.5
-0.0200027011718751,0.499924775390625,0.5
-0.0220035397061133,0.499900257797559,0.5
-0.02400452358,0.4998710021,0.5
-0.0260056601499804,0.499836618078223,0.5
-0.0280069558256251,0.499796722121875,0.5
-0.0300084160766602,0.499750937194824,0.5
-0.03201004544,0.4996988928,0.5
-0.0340118475267773,0.499640224944238,0.5
-0.0360138250293749,0.499574576103125,0.5
-0.0380159797284571,0.49950159518584,0.5
-0.0400183125,0.4994209375,0.5
-0.0420208233223242,0.499332264716504,0.5
-0.0440235112831249,0.499235244834375,0.5
-0.046026374586504,0.499129552145605,0.5
-0.04802941056,0.4990148672,0.5
-0.0500326156616211,0.49889087677002,0.5
-0.052035985486875,0.498757273815625,0.5
-0.0540395147758009,0.498613757449121,0.5
-0.0560431974200001,0.4984600329,0.5
-0.058047026469668,0.498295811479785,0.5
-0.060050994140625,0.498120810546875,0.5
-0.0620550918213478,0.497934753471387,0.5
-0.0640593100800001,0.4977373696,0.5
-0.0660636386714649,0.497528394220801,0.5
-0.068068066544375,0.497307568528125,0.5
-0.0700725818481446,0.497074639587402,0.5
-0.0720771719400001,0.4968293603,0.5
-0.0740818233920117,0.496571489368066,0.5
-0.076086521998125,0.496300791259375,0.5
-0.0780912527811915,0.496017036172168,0.5
-0.0800960000000001,0.49572,0.5
-0.0821007471563086,0.495409464296582,0.5
-0.084105477001875,0.495085216240625,0.5
-0.0861101715454882,0.494747048600684,0.5
-0.0881148120600001,0.4943947597,0.5
-0.0901193790893555,0.494028153381348,0.5
-0.092123852455625,0.493647038971875,0.5
-0.0941282112660351,0.493251231247949,0.5
-0.0961324339200001,0.4928405504,0.5
-0.0981364981161524,0.492414821997363,0.5
-0.100140380859375,0.491973876953125,0.5
-0.102144058467832,0.491517551488965,0.5
-0.10414750658,0.4910456871,0.5
-0.106150700161699,0.490558130519629,0.5
-0.108153613513125,0.490054733684375,0.5
-0.110156220275879,0.48953535369873,0.5
-0.11215849344,0.4889998528,0.5
-0.114160405350996,0.488448098323145,0.5
-0.116161927716875,0.487879962665625,0.5
-0.118163031615176,0.487295323252246,0.5
-0.1201636875,0.4866940625,0.5
-0.122163865209043,0.48607606778291,0.5
-0.124163533970625,0.485441231396875,0.5
-0.126162662410723,0.484789450524512,0.5
-0.12816121856,0.4841206272,0.5
-0.13015916986084,0.483434668273926,0.5
-0.132156483174375,0.482731485378125,0.5
-0.13415312478752,0.482010994890527,0.5
-0.13614906042,0.4812731179,0.5
-0.138144255231387,0.480517780171191,0.5
-0.140138673828125,0.479744912109375,0.5
-0.142132280270566,0.478954448725293,0.5
-0.14412503808,0.4781463296,0.5
-0.146116910245684,0.477320498849707,0.5
-0.148107859231875,0.476476905090625,0.5
-0.150097846984863,0.475615501403809,0.5
-0.15208683494,0.4747362453,0.5
-0.154074784028731,0.473839098684473,0.5
-0.156061654685625,0.472924027821875,0.5
-0.15804740685541,0.471991003301074,0.5
-0.160032,0.47104,0.5
-0.162015393105527,0.470070997050488,0.5
-0.163997544689375,0.469083977803125,0.5
-0.165978412807207,0.46807892979209,0.5
-0.16795795506,0.4670558447,0.5
-0.169936128601074,0.466014718322754,0.5
-0.171912890143125,0.464955550534375,0.5
-0.173888195965254,0.463878345251855,0.5
-0.17586200192,0.4627831104,0.5
-0.177834263440371,0.461669857876269,0.5
-0.179804935546875,0.460538603515625,0.5
-0.181773972854551,0.459389367055371,0.5
-0.18374132958,0.4582221721,0.5
-0.185706959548418,0.457037046086035,0.5
-0.187670816200625,0.455834020246875,0.5
-0.189632852600098,0.454613129577637,0.5
-0.19159302144,0.4533744128,0.5
-0.193551275050215,0.452117912327051,0.5
-0.195507565404375,0.450843674228125,0.5
-0.197461844126895,0.449551748193652,0.5
-0.1994140625,0.4482421875,0.5
-0.201364171470762,0.446915048974316,0.5
-0.203312121658125,0.445570392959375,0.5
-0.205257863359941,0.444208283278418,0.5
-0.20720134656,0.4428287872,0.5
-0.209142520935059,0.441431975402832,0.5
-0.211081335861875,0.440017921940625,0.5
-0.213017740424238,0.438586704206934,0.5
-0.21495168342,0.4371384029,0.5
-0.216883113368105,0.435673101987598,0.5
-0.218811978515625,0.434190888671875,0.5
-0.220738226844785,0.432691853354199,0.5
-0.22266180608,0.4311760896,0.5
-0.224582663694903,0.429643694103613,0.5
-0.226500746919375,0.428094766653125,0.5
-0.228416002746582,0.426529410095215,0.5
-0.23032837794,0.4249477303,0.5
-0.232237819040449,0.423349836125879,0.5
-0.234144272373125,0.421735839384375,0.5
-0.236047684054629,0.420105854804981,0.5
-0.237948,0.41846,0.5
-0.239845165929746,0.416798395429394,0.5
-0.241739127376875,0.415121164365625,0.5
-0.243629829693926,0.413428432858496,0.5
-0.24551721806,0.4117203297,0.5
-0.247401237487793,0.40999698638916,0.5
-0.249281832830625,0.408258537096875,0.5
-0.251158948789473,0.406505118630762,0.5
-0.25303252992,0.4047368704,0.5
-0.25490252063959,0.402953934380176,0.5
-0.256768865234375,0.401156455078125,0.5
-0.25863150786627,0.399344579496777,0.5
-0.26049039258,0.3975184571,0.5
-0.262345463310137,0.395678239777441,0.5
-0.264196663888125,0.393824081809375,0.5
-0.266043938049316,0.391956139831543,0.5
-0.26788722944,0.3900745728,0.5
-0.269726481624434,0.388179541955957,0.5
-0.271561638091875,0.386271210790625,0.5
-0.273392642263613,0.384349745010058,0.5
-0.2752194375,0.3824153125,0.5
-0.277041967107481,0.380468083290723,0.5
-0.278860174345625,0.378508229521875,0.5
-0.28067400243416,0.376535925407324,0.5
-0.28248339456,0.3745513472,0.5
-0.284288293884277,0.372554673156738,0.5
-0.286088643549375,0.370546083503125,0.5
-0.287884386685957,0.36852576039834,0.5
-0.28967546642,0.3664938879,0.5
-0.291461825879824,0.364450651929004,0.5
-0.293243408203125,0.362396240234375,0.5
-0.295020156544004,0.360330842358106,0.5
-0.29679201408,0.3582546496,0.5
-0.298558924019121,0.35616785498252,0.5
-0.300320829606875,0.354070653215625,0.5
-0.302077674133301,0.351963240661621,0.5
-0.30382940094,0.3498458153,0.5
-0.305575953427168,0.347718576692285,0.5
-0.307317275060625,0.345581725946875,0.5
-0.309053309378848,0.343435465683887,0.5
-0.310784,0.34128,0.5
-0.312509290628965,0.339115534433301,0.5
-0.314229125064375,0.336942275928125,0.5
-0.315943447205645,0.334760432799902,0.5
-0.31765220106,0.3325702147,0.5
-0.319355330749512,0.330371832580566,0.5
-0.321052780518125,0.328165498659375,0.5
-0.322744494738691,0.325951426384668,0.5
-0.32443041792,0.3237298304,0.5
-0.326110494713809,0.321500926509082,0.5
-0.327784669921875,0.319264931640625,0.5
-0.329452888502988,0.317022063813183,0.5
-0.33111509558,0.3147725421,0.5
-0.332771236446856,0.312516586593848,0.5
-0.334421256575625,0.310254418371875,0.5
-0.336065101623535,0.307986259460449,0.5
-0.33770271744,0.3057123328,0.5
-0.339334050073652,0.303432862209863,0.5
-0.340959045779375,0.301148072353125,0.5
-0.342577651025332,0.298858188701465,0.5
-0.3441898125,0.2965634375,0.5
-0.345795477119199,0.294264045732129,0.5
-0.347394592033125,0.291960241084375,0.5
-0.348987104633379,0.28965225191123,0.5
-0.35057296256,0.2873403072,0.5
-0.352152113708496,0.285024636535645,0.5
-0.353724506236875,0.282705470065625,0.5
-0.355290088572676,0.280383038464746,0.5
-0.35684880942,0.2780575729,0.5
-0.358400617766543,0.27572930499541,0.5
-0.359945462890625,0.273398466796875,0.5
-0.361483294368223,0.271065290737012,0.5
-0.36301406208,0.2687300096,0.5
-0.36453771621834,0.266392856486426,0.5
-0.366054207294375,0.264054064778125,0.5
-0.36756348614502,0.261713868103027,0.5
-0.36906550394,0.2593725003,0.5
-0.370560212188887,0.257030195383691,0.5
-0.372047562748125,0.254687187509375,0.5
-0.373527507828066,0.252343710937793,0.5
-0.375,0.25,0.5
-0.376464992203184,0.247656289062207,0.5
-0.377922437751875,0.245312812490625,0.5
-0.379372290342363,0.242969804616309,0.5
-0.38081450406,0.2406274997,0.5
-0.382249033386231,0.238286131896972,0.5
-0.383675833205625,0.235945935221875,0.5
-0.38509485881291,0.233607143513574,0.5
-0.38650606592,0.2312699904,0.5
-0.387909410663027,0.228934709262988,0.5
-0.389304849609375,0.226601533203125,0.5
-0.390692339764707,0.22427069500459,0.5
-0.39207183858,0.2219424271,0.5
-0.393443303958574,0.219616961535254,0.5
-0.394806694263125,0.217294529934375,0.5
-0.396161968322754,0.214975363464355,0.5
-0.39750908544,0.2126596928,0.5
-0.398848005397871,0.21034774808877,0.5
-0.400178688466875,0.208039758915625,0.5
-0.401501095412051,0.205735954267871,0.5
-0.4028151875,0.2034365625,0.5
-0.404120926505918,0.201141811298535,0.5
-0.405418274720625,0.198851927646875,0.5
-0.406707194957598,0.196567137790137,0.5
-0.40798765056,0.1942876672,0.5
-0.409259605407715,0.192013740539551,0.5
-0.410523023924375,0.189745581628125,0.5
-0.411777871084395,0.187483413406152,0.5
-0.41302411242,0.1852274579,0.5
-0.414261714028262,0.182977936186816,0.5
-0.415490642578125,0.180735068359375,0.5
-0.416710865317442,0.178499073490918,0.5
-0.41792235008,0.1762701696,0.5
-0.419125065292559,0.174048573615332,0.5
-0.420318979981875,0.171834501340625,0.5
-0.421504063781738,0.169628167419434,0.5
-0.42268028694,0.1674297853,0.5
-0.423847620325606,0.165239567200097,0.5
-0.425006035435625,0.163057724071875,0.5
-0.426155504402285,0.160884465566699,0.5
-0.427296,0.15872,0.5
-0.428427495652402,0.156564534316113,0.5
-0.429549965439375,0.154418274053125,0.5
-0.430663384104082,0.152281423307715,0.5
-0.43176772706,0.1501541847,0.5
-0.432862970397949,0.148036759338379,0.5
-0.433949090893125,0.145929346784375,0.5
-0.435026066012129,0.14383214501748,0.5
-0.43609387392,0.1417453504,0.5
-0.437152493487246,0.139669157641895,0.5
-0.438201904296875,0.137603759765625,0.5
-0.439242086651426,0.135549348070996,0.5
-0.44027302158,0.1335061121,0.5
-0.441294690845293,0.13147423960166,0.5
-0.442307076950625,0.129453916496875,0.5
-0.443310163146973,0.127445326843262,0.5
-0.44430393344,0.1254486528,0.5
-0.44528837259709,0.123464074592676,0.5
-0.446263466154375,0.121491770478125,0.5
-0.44722920042377,0.119531916709277,0.5
-0.4481855625,0.1175846875,0.5
-0.449132540267637,0.115650254989942,0.5
-0.450070122408125,0.113728789209375,0.5
-0.450998298406817,0.111820458044043,0.5
-0.45191705856,0.1099254272,0.5
-0.452826393981934,0.108043860168457,0.5
-0.453726296611875,0.106175918190625,0.5
-0.454616759221113,0.104321760222559,0.5
-0.45549777542,0.1024815429,0.5
-0.45636933966498,0.100655420503223,0.5
-0.457231447265625,0.0988435449218748,0.5
-0.45808409439166,0.0970460656198241,0.5
-0.45892727808,0.0952631295999997,0.5
-0.459760996241777,0.0934948813692382,0.5
-0.460585247669375,0.091741462903125,0.5
-0.461400032043457,0.0900030136108398,0.5
-0.46220534994,0.0882796703000001,0.5
-0.463001202837324,0.0865715671415039,0.5
-0.463787593123125,0.0848788356343753,0.5
-0.464564524101504,0.0832016045706053,0.5
-0.465332,0.0815399999999999,0.5
-0.466090025976621,0.0798941451950196,0.5
-0.466838608126875,0.0782641606156249,0.5
-0.467577753490801,0.0766501638741209,0.5
-0.46830747006,0.0750522697000001,0.5
-0.469027766784668,0.0734705899047853,0.5
-0.469738653580625,0.0719052333468751,0.5
-0.470440141336348,0.0703563058963866,0.5
-0.47113224192,0.0688239104,0.5
-0.471814968186465,0.0673081466458008,0.5
-0.472488333984375,0.0658091113281248,0.5
-0.473152354163145,0.0643268980124024,0.5
-0.47380704458,0.0628615971,0.5
-0.474452422107012,0.0614132957930665,0.5
-0.475088504638125,0.059982078059375,0.5
-0.475715311096192,0.058568024597168,0.5
-0.47633286144,0.0571712127999998,0.5
-0.476941176671309,0.0557917167215818,0.5
-0.477540278841875,0.054429607040625,0.5
-0.478130191060488,0.0530849510256837,0.5
-0.4787109375,0.0517578125,0.5
-0.479282543404356,0.0504482518063476,0.5
-0.479845035095625,0.0491563257718752,0.5
-0.480398439981035,0.0478820876729493,0.5
-0.48094278656,0.0466255871999998,0.5
-0.481478104431152,0.0453868704223632,0.5
-0.482004424299375,0.044165979753125,0.5
-0.482521777982832,0.0429629539139649,0.5
-0.48303019842,0.0417778278999998,0.5
-0.483529719676699,0.040610632944629,0.5
-0.484020376953125,0.0394613964843752,0.5
-0.484502206590879,0.0383301421237306,0.5
-0.48497524608,0.0372168895999999,0.5
-0.485439534065996,0.0361216547481445,0.5
-0.485895110356875,0.0350444494656248,0.5
-0.486342015930176,0.033985281677246,0.5
-0.48678029294,0.0329441552999998,0.5
-0.487209984724043,0.0319210702079102,0.5
-0.487631135810625,0.030916022196875,0.5
-0.488043791925723,0.0299290029495116,0.5
-0.488448,0.02896,0.5
-0.48884380817584,0.0280089966989256,0.5
-0.489231265814375,0.0270759721781246,0.5
-0.48961042350252,0.0261609013155275,0.5
-0.48998133306,0.0252637547000004,0.5
-0.490344047546387,0.0243844985961914,0.5
-0.490698621268125,0.0235230949093749,0.5
-0.491045109785566,0.022679501150293,0.5
-0.49138356992,0.0218536704,0.5
-0.491714059760684,0.0210455512747066,0.5
-0.492036638671875,0.0202550878906251,0.5
-0.492351367299863,0.0194822198288085,0.5
-0.49265830758,0.0187268821000002,0.5
-0.492957522743731,0.0179890051094724,0.5
-0.493249077325625,0.017268514621875,0.5
-0.49353303717041,0.0165653317260742,0.5
-0.49380946944,0.0158793727999999,0.5
-0.494078442620527,0.0152105494754881,0.5
-0.494340026529375,0.0145587686031253,0.5
-0.494594292322207,0.0139239322170898,0.5
-0.4948413125,0.0133059374999995,0.5
-0.495081160916074,0.0127046767477539,0.5
-0.495313912783125,0.0121200373343752,0.5
-0.495539644680254,0.0115519016768555,0.5
-0.49575843456,0.0110001471999998,0.5
-0.495970361755371,0.0104646463012698,0.5
-0.496175506986875,0.00994526631562509,0.5
-0.496373952369551,0.00944186948037079,0.5
-0.49656578142,0.00895431290000021,0.5
-0.496751079063418,0.00848244851103575,0.5
-0.496929931640625,0.008026123046875,0.5
-0.497102426915098,0.00758517800263653,0.5
-0.49726865408,0.00715944959999998,0.5
-0.497428703765215,0.00674876875205127,0.5
-0.497582668044375,0.00635296102812449,0.5
-0.497730640441895,0.00597184661865241,0.5
-0.49787271594,0.00560524030000054,0.5
-0.498008990985762,0.00525295139931659,0.5
-0.498139563498125,0.00491478375937504,0.5
-0.498264532874941,0.00459053570341822,0.5
-0.498384,0.00428000000000039,0.5
-0.498498067250059,0.00398296382783214,0.5
-0.498606838501875,0.00369920874062518,0.5
-0.498710419139238,0.00342851063193372,0.5
-0.49880891606,0.00317063969999976,0.5
-0.498902437683106,0.0029253604125975,0.5
-0.498991093955625,0.00269243147187526,0.5
-0.499074996359785,0.00247160577919964,0.5
-0.49915425792,0.00226263040000035,0.5
-0.499228993209902,0.00206524652861312,0.5
-0.499299318359375,0.00187918945312554,0.5
-0.499365351061582,0.00170418852021459,0.5
-0.49942721058,0.00153996709999987,0.5
-0.499485017755449,0.0013862425508786,0.5
-0.499538895013125,0.00124272618437499,0.5
-0.499588966369629,0.00110912322998047,0.5
-0.49963535744,0.000985132799999788,0.5
-0.499678195444746,0.000870447854394385,0.5
-0.499717609216875,0.000764755165625464,0.5
-0.499753729208926,0.000667735283495452,0.5
-0.4997866875,0.00057906250000006,0.5
-0.499816617802793,0.000498404814160691,0.5
-0.499843655470625,0.000425423896874999,0.5
-0.499867937504473,0.000359775055761513,0.5
-0.49988960256,0.000301107200000095,0.5
-0.49990879095459,0.000249062805175781,0.5
-0.499925644674375,0.000203277878124686,0.5
-0.49994030738127,0.000163381921777339,0.5
-0.49995292442,0.000128997900000705,0.5
-0.499963642825137,9.97422024415218e-05,0.5
-0.499972611328125,7.52246093743691e-05,0.5
-0.499979980364317,5.50482565427335e-05,0.5
-0.49998590208,3.88096000007443e-05,0.5
-0.499990530339434,2.60983809567406e-05,0.5
-0.499994020731875,1.64975906242204e-05,0.5
-0.499996530578613,9.58343505874648e-06,0.5
-0.49999821894,4.92529999979174e-06,0.5
-0.499999246622481,2.08571572263283e-06,0.5
-0.499999776185625,6.20321874700291e-07,0.5
-0.49999997194916,7.78323241967804e-08,0.5
-0.5,0,0.5
-0.49999997194916,1.5566464843749e-08,0.500000077832324
-0.499999776185625,1.24064374999992e-07,0.500000620321875
-0.49999924662248,4.17143144531223e-07,0.500002085715723
-0.49999821894,9.85060000000068e-07,0.5000049253
-0.499996530578613,1.91668701171883e-06,0.500009583435059
-0.499994020731875,3.29951812500008e-06,0.500016497590625
-0.499990530339434,5.21967619140631e-06,0.500026098380957
-0.49998590208,7.76192000000002e-06,0.5000388096
-0.499979980364316,1.10096513085937e-05,0.500055048256543
-0.499972611328125,1.50449218749998e-05,0.500075224609375
-0.499963642825137,1.99484404882809e-05,0.500099742202441
-0.49995292442,2.57995800000006e-05,0.5001289979
-0.49994030738127,3.26763843554693e-05,0.500163381921777
-0.499925644674375,4.06555756250005e-05,0.500203277878125
-0.49990879095459,4.98125610351566e-05,0.500249062805176
-0.49988960256,6.02214400000002e-05,0.5003011072
-0.499867937504473,7.19550111523437e-05,0.500359775055762
-0.499843655470625,8.50847793749996e-05,0.500425423896875
-0.499816617802793,9.96809628320305e-05,0.50049840481416
-0.4997866875,0.000115812500000002,0.5005790625
-0.499753729208926,0.00013354705669922,0.500667735283496
-0.499717609216875,0.000152951033125001,0.500764755165625
-0.499678195444746,0.000174089570878907,0.500870447854394
-0.49963535744,0.000197026560000001,0.5009851328
-0.499588966369629,0.000221824645996094,0.50110912322998
-0.499538895013125,0.000248545236874999,0.501242726184375
-0.499485017755449,0.00027724851017578,0.501386242550879
-0.49942721058,0.000307993419999998,0.5015399671
-0.499365351061582,0.000340837704042972,0.501704188520215
-0.499299318359375,0.000375837890625003,0.501879189453125
-0.499228993209902,0.000413049305722658,0.502065246528613
-0.49915425792,0.000452526080000001,0.5022626304
-0.499074996359785,0.000494321155839844,0.502471605779199
-0.498991093955625,0.000538486294374999,0.502692431471875
-0.498902437683105,0.000585072082519529,0.502925360412598
-0.49880891606,0.000634127939999997,0.5031706397
-0.498710419139238,0.000685702126386724,0.503428510631934
-0.498606838501875,0.000739841748125004,0.503699208740625
-0.498498067250059,0.00079659276556641,0.503982963827832
-0.498384,0.000856000000000002,0.50428
-0.498264532874941,0.000918107140683595,0.504590535703418
-0.498139563498125,0.000982956751874999,0.504914783759375
-0.498008990985762,0.00105059027986328,0.505252951399316
-0.49787271594,0.00112104806,0.5056052403
-0.497730640441895,0.00119436932373048,0.505971846618652
-0.497582668044375,0.00127059220562501,0.506352961028125
-0.497428703765215,0.00134975375041016,0.506748768752051
-0.49726865408,0.00143188992,0.5071594496
-0.497102426915098,0.00151703560052735,0.507585178002637
-0.496929931640625,0.001605224609375,0.508026123046875
-0.496751079063418,0.00169648970220703,0.508482448511035
-0.49656578142,0.00179086258,0.5089543129
-0.496373952369551,0.00188837389607421,0.509441869480371
-0.496175506986875,0.00198905326312501,0.509945266315625
-0.495970361755371,0.00209292926025391,0.51046464630127
-0.49575843456,0.00220002944000001,0.5110001472
-0.495539644680254,0.0023103803353711,0.511551901676855
-0.495313912783125,0.002424007466875,0.512120037334375
-0.495081160916074,0.00254093534955078,0.512704676747754
-0.4948413125,0.0026611875,0.5133059375
-0.494594292322207,0.00278478644341796,0.51392393221709
-0.494340026529375,0.00291175372062501,0.514558768603125
-0.494078442620527,0.00304210989509767,0.515210549475488
-0.49380946944,0.00317587456000001,0.5158793728
-0.49353303717041,0.00331306634521485,0.516565331726074
-0.493249077325625,0.003453702924375,0.517268514621875
-0.49295752274373,0.00359780102189453,0.517989005109473
-0.49265830758,0.00374537642,0.5187268821
-0.492351367299863,0.00389644396576171,0.519482219828809
-0.492036638671875,0.00405101757812502,0.520255087890625
-0.491714059760684,0.00420911025494142,0.521045551274707
-0.49138356992,0.00437073408000001,0.5218536704
-0.491045109785566,0.0045359002300586,0.522679501150293
-0.490698621268125,0.004704618981875,0.523523094909375
-0.490344047546387,0.00487689971923828,0.524384498596191
-0.48998133306,0.00505275094,0.5252637547
-0.48961042350252,0.00523218026310546,0.526160901315527
-0.489231265814375,0.00541519443562499,0.527075972178125
-0.48884380817584,0.00560179933978517,0.528008996698926
-0.488448,0.00579200000000001,0.52896
-0.488043791925723,0.00598580058990235,0.529929002949512
-0.487631135810625,0.006183204439375,0.530916022196875
-0.487209984724043,0.00638421404158203,0.53192107020791
-0.48678029294,0.00658883106,0.5329441553
-0.486342015930176,0.00679705633544921,0.533985281677246
-0.485895110356875,0.00700888989312499,0.535044449465625
-0.485439534065996,0.00722433094962893,0.536121654748145
-0.48497524608,0.00744337792000002,0.5372168896
-0.484502206590879,0.00766602842474611,0.538330142123731
-0.484020376953125,0.00789227929687501,0.539461396484375
-0.483529719676699,0.00812212658892579,0.540610632944629
-0.48303019842,0.00835556558,0.5417778279
-0.482521777982832,0.00859259078279296,0.542962953913965
-0.482004424299375,0.00883319595062499,0.544165979753125
-0.481478104431152,0.00907737408447268,0.545386870422363
-0.48094278656,0.00932511744000002,0.5466255872
-0.480398439981035,0.00957641753458986,0.547882087672949
-0.479845035095625,0.00983126515437501,0.549156325771875
-0.479282543404355,0.0100896503612695,0.550448251806348
-0.4787109375,0.0103515625,0.5517578125
-0.478130191060488,0.0106169902051367,0.553084951025684
-0.477540278841875,0.010885921408125,0.554429607040625
-0.476941176671309,0.0111583433443164,0.555791716721582
-0.47633286144,0.01143424256,0.5571712128
-0.475715311096191,0.0117136049194336,0.558568024597168
-0.475088504638125,0.011996415611875,0.559982078059375
-0.474452422107012,0.0122826591586133,0.561413295793066
-0.47380704458,0.01257231942,0.5628615971
-0.473152354163145,0.0128653796024805,0.564326898012402
-0.472488333984375,0.013161822265625,0.565809111328125
-0.471814968186465,0.0134616293291601,0.567308146645801
-0.47113224192,0.01376478208,0.5688239104
-0.470440141336348,0.0140712611792774,0.570356305896387
-0.469738653580625,0.014381046669375,0.571905233346875
-0.469027766784668,0.014694117980957,0.573470589904785
-0.46830747006,0.01501045394,0.5750522697
-0.467577753490801,0.0153300327748242,0.576650163874121
-0.466838608126875,0.015652832123125,0.578264160615625
-0.466090025976621,0.0159788290390039,0.579894145195019
-0.465332,0.016308,0.58154
-0.464564524101504,0.0166403209141211,0.583201604570606
-0.463787593123125,0.016975767126875,0.584878835634375
-0.463001202837324,0.0173143134283008,0.586571567141504
-0.46220534994,0.01765593406,0.5882796703
-0.461400032043457,0.018000602722168,0.59000301361084
-0.460585247669375,0.018348292580625,0.591741462903125
-0.459760996241777,0.0186989762738476,0.593494881369238
-0.45892727808,0.01905262592,0.5952631296
-0.45808409439166,0.0194092131239648,0.597046065619824
-0.457231447265625,0.019768708984375,0.598843544921875
-0.45636933966498,0.0201310841006445,0.600655420503223
-0.45549777542,0.02049630858,0.6024815429
-0.454616759221113,0.0208643520445117,0.604321760222559
-0.453726296611875,0.021235183638125,0.606175918190625
-0.452826393981934,0.0216087720336914,0.608043860168457
-0.45191705856,0.02198508544,0.6099254272
-0.450998298406816,0.0223640916088086,0.611820458044043
-0.450070122408125,0.022745757841875,0.613728789209375
-0.449132540267637,0.0231300509979883,0.615650254989942
-0.4481855625,0.0235169375,0.6175846875
-0.44722920042377,0.0239063833418555,0.619531916709277
-0.446263466154375,0.024298354095625,0.621491770478125
-0.44528837259709,0.0246928149185351,0.623464074592676
-0.44430393344,0.02508973056,0.6254486528
-0.443310163146973,0.0254890653686523,0.627445326843262
-0.442307076950625,0.025890783299375,0.629453916496875
-0.441294690845293,0.026294847920332,0.63147423960166
-0.44027302158,0.02670122242,0.6335061121
-0.439242086651426,0.0271098696141992,0.635549348070996
-0.438201904296875,0.027520751953125,0.637603759765625
-0.437152493487246,0.0279338315283789,0.639669157641894
-0.43609387392,0.02834907008,0.6417453504
-0.435026066012129,0.0287664290034961,0.64383214501748
-0.433949090893125,0.029185869356875,0.645929346784375
-0.432862970397949,0.0296073518676757,0.648036759338379
-0.43176772706,0.03003083694,0.6501541847
-0.430663384104082,0.030456284661543,0.652281423307715
-0.429549965439375,0.030883654810625,0.654418274053125
-0.428427495652402,0.0313129068632226,0.656564534316113
-0.427296,0.031744,0.65872
-0.426155504402285,0.0321768931133398,0.660884465566699
-0.425006035435625,0.032611544814375,0.663057724071875
-0.423847620325606,0.0330479134400195,0.665239567200097
-0.42268028694,0.03348595706,0.6674297853
-0.421504063781738,0.0339256334838867,0.669628167419434
-0.420318979981875,0.034366900268125,0.671834501340625
-0.419125065292559,0.0348097147230664,0.674048573615332
-0.41792235008,0.03525403392,0.6762701696
-0.416710865317442,0.0356998146981836,0.678499073490918
-0.415490642578125,0.036147013671875,0.680735068359375
-0.414261714028262,0.0365955872373632,0.682977936186816
-0.41302411242,0.03704549158,0.6852274579
-0.411777871084395,0.0374966826812305,0.687483413406152
-0.410523023924375,0.037949116325625,0.689745581628125
-0.409259605407715,0.0384027481079102,0.692013740539551
-0.40798765056,0.03885753344,0.6942876672
-0.406707194957598,0.0393134275580273,0.696567137790137
-0.405418274720625,0.039770385529375,0.698851927646875
-0.404120926505918,0.040228362259707,0.701141811298535
-0.4028151875,0.0406873125,0.7034365625
-0.401501095412051,0.0411471908535742,0.705735954267871
-0.400178688466875,0.041607951783125,0.708039758915625
-0.398848005397871,0.0420695496177539,0.71034774808877
-0.39750908544,0.04253193856,0.7126596928
-0.396161968322754,0.0429950726928711,0.714975363464355
-0.394806694263125,0.043458905986875,0.717294529934375
-0.393443303958574,0.0439233923070508,0.719616961535254
-0.39207183858,0.04438848542,0.7219424271
-0.390692339764707,0.044854139000918,0.72427069500459
-0.389304849609375,0.045320306640625,0.726601533203125
-0.387909410663027,0.0457869418525977,0.728934709262988
-0.38650606592,0.04625399808,0.7312699904
-0.38509485881291,0.0467214287027148,0.733607143513574
-0.383675833205625,0.047189187044375,0.735945935221875
-0.382249033386231,0.0476572263793945,0.738286131896972
-0.38081450406,0.04812549994,0.7406274997
-0.379372290342363,0.0485939609232618,0.742969804616309
-0.377922437751875,0.049062562498125,0.745312812490625
-0.376464992203184,0.0495312578124414,0.747656289062207
-0.375,0.05,0.75
-0.373527507828066,0.0504687421875586,0.752343710937793
-0.372047562748125,0.050937437501875,0.754687187509375
-0.370560212188887,0.0514060390767383,0.757030195383691
-0.36906550394,0.05187450006,0.7593725003
-0.36756348614502,0.0523427736206054,0.761713868103027
-0.366054207294375,0.052810812955625,0.764054064778125
-0.36453771621834,0.0532785712972852,0.766392856486426
-0.36301406208,0.05374600192,0.7687300096
-0.361483294368223,0.0542130581474023,0.771065290737012
-0.359945462890625,0.054679693359375,0.773398466796875
-0.358400617766543,0.055145860999082,0.77572930499541
-0.35684880942,0.05561151458,0.7780575729
-0.355290088572676,0.0560766076929492,0.780383038464746
-0.353724506236875,0.056541094013125,0.782705470065625
-0.352152113708496,0.0570049273071289,0.785024636535645
-0.35057296256,0.05746806144,0.7873403072
-0.348987104633379,0.0579304503822461,0.78965225191123
-0.347394592033125,0.058392048216875,0.791960241084375
-0.345795477119199,0.0588528091464258,0.794264045732129
-0.3441898125,0.0593126875,0.7965634375
-0.342577651025332,0.0597716377402929,0.798858188701465
-0.340959045779375,0.060229614470625,0.801148072353125
-0.339334050073652,0.0606865724419727,0.803432862209863
-0.33770271744,0.06114246656,0.8057123328
-0.336065101623535,0.0615972518920898,0.807986259460449
-0.334421256575625,0.062050883674375,0.810254418371875
-0.332771236446856,0.0625033173187695,0.812516586593848
-0.33111509558,0.06295450842,0.8147725421
-0.329452888502988,0.0634044127626367,0.817022063813183
-0.327784669921875,0.063852986328125,0.819264931640625
-0.326110494713808,0.0643001853018164,0.821500926509082
-0.32443041792,0.06474596608,0.8237298304
-0.322744494738691,0.0651902852769336,0.825951426384668
-0.321052780518125,0.065633099731875,0.828165498659375
-0.319355330749512,0.0660743665161133,0.830371832580566
-0.31765220106,0.06651404294,0.8325702147
-0.315943447205645,0.0669520865599804,0.834760432799902
-0.314229125064375,0.067388455185625,0.836942275928125
-0.312509290628965,0.0678231068866602,0.839115534433301
-0.310784,0.068256,0.84128
-0.309053309378848,0.0686870931367774,0.843435465683887
-0.307317275060625,0.069116345189375,0.845581725946875
-0.305575953427168,0.069543715338457,0.847718576692285
-0.30382940094,0.06996916306,0.8498458153
-0.302077674133301,0.0703926481323242,0.851963240661621
-0.300320829606875,0.070814130643125,0.854070653215625
-0.298558924019121,0.0712335709965039,0.85616785498252
-0.29679201408,0.07165092992,0.8582546496
-0.295020156544004,0.0720661684716211,0.860330842358106
-0.293243408203125,0.072479248046875,0.862396240234375
-0.291461825879824,0.0728901303858008,0.864450651929004
-0.28967546642,0.07329877758,0.8664938879
-0.287884386685957,0.073705152079668,0.86852576039834
-0.286088643549375,0.074109216700625,0.870546083503125
-0.284288293884278,0.0745109346313476,0.872554673156738
-0.28248339456,0.07491026944,0.8745513472
-0.28067400243416,0.0753071850814649,0.876535925407324
-0.278860174345625,0.075701645904375,0.878508229521875
-0.277041967107481,0.0760936166581445,0.880468083290723
-0.2752194375,0.0764830625,0.8824153125
-0.273392642263613,0.0768699490020117,0.884349745010058
-0.271561638091875,0.077254242158125,0.886271210790625
-0.269726481624434,0.0776359083911914,0.888179541955957
-0.26788722944,0.07801491456,0.8900745728
-0.266043938049316,0.0783912279663087,0.891956139831543
-0.264196663888125,0.078764816361875,0.893824081809375
-0.262345463310137,0.0791356479554883,0.895678239777441
-0.26049039258,0.07950369142,0.8975184571
-0.25863150786627,0.0798689158993555,0.899344579496777
-0.256768865234375,0.080231291015625,0.901156455078125
-0.25490252063959,0.0805907868760351,0.902953934380176
-0.25303252992,0.08094737408,0.9047368704
-0.251158948789473,0.0813010237261524,0.906505118630762
-0.249281832830625,0.081651707419375,0.908258537096875
-0.247401237487793,0.0819993972778321,0.90999698638916
-0.24551721806,0.08234406594,0.9117203297
-0.243629829693926,0.0826856865716992,0.913428432858496
-0.241739127376875,0.083024232873125,0.915121164365625
-0.239845165929746,0.0833596790858789,0.916798395429394
-0.237948,0.083692,0.91846
-0.236047684054629,0.0840211709609961,0.92010585480498
-0.234144272373125,0.084347167876875,0.921735839384375
-0.232237819040449,0.0846699672251758,0.923349836125879
-0.23032837794,0.08498954606,0.9249477303
-0.228416002746582,0.085305882019043,0.926529410095215
-0.226500746919375,0.085618953330625,0.928094766653125
-0.224582663694902,0.0859287388207226,0.929643694103613
-0.22266180608,0.08623521792,0.9311760896
-0.220738226844785,0.0865383706708399,0.932691853354199
-0.218811978515625,0.086838177734375,0.934190888671875
-0.216883113368105,0.0871346203975196,0.935673101987598
-0.21495168342,0.08742768058,0.9371384029
-0.213017740424238,0.0877173408413867,0.938586704206934
-0.211081335861875,0.088003584388125,0.940017921940625
-0.209142520935059,0.0882863950805664,0.941431975402832
-0.20720134656,0.08856575744,0.9428287872
-0.205257863359941,0.0888416566556837,0.944208283278418
-0.203312121658125,0.089114078591875,0.945570392959375
-0.201364171470762,0.0893830097948633,0.946915048974316
-0.1994140625,0.0896484375000001,0.9482421875
-0.197461844126895,0.0899103496387305,0.949551748193652
-0.195507565404375,0.090168734845625,0.950843674228125
-0.193551275050215,0.0904235824654102,0.952117912327051
-0.19159302144,0.09067488256,0.9533744128
-0.189632852600098,0.0909226259155274,0.954613129577637
-0.187670816200625,0.091166804049375,0.955834020246875
-0.185706959548418,0.0914074092172071,0.957037046086035
-0.18374132958,0.0916444344200001,0.9582221721
-0.181773972854551,0.0918778734110742,0.959389367055371
-0.179804935546875,0.092107720703125,0.960538603515625
-0.177834263440371,0.0923339715752539,0.961669857876269
-0.17586200192,0.09255662208,0.9627831104
-0.173888195965254,0.0927756690503711,0.963878345251856
-0.171912890143125,0.092991110106875,0.964955550534375
-0.169936128601074,0.0932029436645508,0.966014718322754
-0.16795795506,0.0934111689400001,0.9670558447
-0.165978412807207,0.0936157859584179,0.96807892979209
-0.163997544689375,0.0938167955606251,0.969083977803125
-0.162015393105527,0.0940141994100976,0.970070997050488
-0.160032,0.094208,0.97104
-0.15804740685541,0.0943982006602149,0.971991003301074
-0.156061654685625,0.094584805564375,0.972924027821875
-0.15407478402873,0.0947678197368946,0.973839098684472
-0.15208683494,0.0949472490600001,0.9747362453
-0.150097846984863,0.0951231002807617,0.975615501403809
-0.148107859231875,0.0952953810181251,0.976476905090625
-0.146116910245684,0.0954640997699414,0.977320498849707
-0.14412503808,0.09562926592,0.9781463296
-0.142132280270567,0.0957908897450586,0.978954448725293
-0.140138673828125,0.095948982421875,0.979744912109375
-0.138144255231387,0.0961035560342384,0.980517780171192
-0.13614906042,0.0962546235800001,0.9812731179
-0.134153124787519,0.0964021989781055,0.982010994890528
-0.132156483174375,0.096546297075625,0.982731485378125
-0.13015916986084,0.0966869336547852,0.983434668273926
-0.12816121856,0.0968241254400001,0.9841206272
-0.126162662410723,0.0969578901049024,0.984789450524512
-0.124163533970625,0.097088246279375,0.985441231396875
-0.122163865209043,0.0972152135565821,0.98607606778291
-0.1201636875,0.0973388125,0.9866940625
-0.118163031615176,0.0974590646504493,0.987295323252246
-0.116161927716875,0.097575992533125,0.987879962665625
-0.114160405350996,0.097689619664629,0.988448098323145
-0.11215849344,0.09779997056,0.9889998528
-0.110156220275879,0.0979070707397462,0.989535353698731
-0.108153613513125,0.098010946736875,0.990054733684375
-0.106150700161699,0.0981116261039259,0.990558130519629
-0.10414750658,0.0982091374200001,0.9910456871
-0.102144058467832,0.098303510297793,0.991517551488964
-0.100140380859375,0.098394775390625,0.991973876953125
-0.0981364981161525,0.0984829643994727,0.992414821997363
-0.0961324339200001,0.09856811008,0.9928405504
-0.0941282112660352,0.0986502462495899,0.993251231247949
-0.0921238524556252,0.098729407794375,0.993647038971875
-0.0901193790893557,0.0988056306762696,0.994028153381348
-0.0881148120599998,0.0988789519400001,0.994394759699999
-0.0861101715454882,0.0989494097201368,0.994747048600683
-0.084105477001875,0.0990170432481251,0.995085216240625
-0.0821007471563086,0.0990818928593165,0.995409464296582
-0.0800960000000001,0.0991440000000001,0.99572
-0.0780912527811914,0.0992034072344336,0.996017036172168
-0.076086521998125,0.099260158251875,0.996300791259375
-0.0740818233920119,0.0993142978736133,0.996571489368066
-0.0720771719399997,0.09936587206,0.9968293603
-0.0700725818481444,0.0994149279174805,0.997074639587403
-0.0680680665443749,0.0994615137056251,0.997307568528125
-0.066063638671465,0.0995056788441602,0.9975283942208
-0.06405931008,0.09954747392,0.9977373696
-0.0620550918213477,0.0995869506942774,0.997934753471387
-0.0600509941406249,0.099624162109375,0.998120810546875
-0.0580470264696682,0.0996591622959571,0.998295811479785
-0.0560431974199999,0.0996920065800001,0.9984600329
-0.0540395147758006,0.0997227514898242,0.998613757449121
-0.0520359854868748,0.0997514547631251,0.998757273815625
-0.0500326156616213,0.099778175354004,0.99889087677002
-0.0480294105600001,0.0998029734400001,0.9990148672
-0.046026374586504,0.0998259104291212,0.999129552145606
-0.044023511283125,0.099847048966875,0.999235244834375
-0.0420208233223243,0.0998664529433009,0.999332264716504
-0.0400183125000002,0.0998841875000001,0.9994209375
-0.0380159797284568,0.099900319037168,0.999501595185839
-0.0360138250293748,0.0999149152206251,0.999574576103125
-0.0340118475267773,0.0999280449888477,0.999640224944238
-0.03201004544,0.09993977856,0.9996988928
-0.0300084160766601,0.0999501874389649,0.999750937194824
-0.028006955825625,0.099959344424375,0.999796722121875
-0.0260056601499805,0.0999673236156447,0.999836618078223
-0.0240045235800003,0.0999742004200001,0.9998710021
-0.0220035397061132,0.0999800515595118,0.999900257797558
-0.0200027011718749,0.0999849550781251,0.999924775390626
-0.0180019996669336,0.0999889903486915,0.999944951743457
-0.01600142592,0.0999922380800001,0.999961190399999
-0.0140009696918163,0.0999947803238087,0.999973901619043
-0.0120006197681253,0.099996700481875,0.999983502409376
-0.0100003639526368,0.0999980833129884,0.999990416564941
-0.00800018906000033,0.0999990149400001,0.999995074699999
-0.00600008090876952,0.0999995828568555,0.999997914284277
-0.00400002431437491,0.0999998759356251,0.999999379678125
-0.00200000308208997,0.0999999844335353,0.999999922167676
0,0.1,1
0.0020000030820898,0.0999999844335352,0.999999922167676
0.00400002431437491,0.099999875935625,0.999999379678125
0.0060000809087694,0.0999995828568555,0.999997914284277
0.00800018905999983,0.09999901494,0.9999950747
0.0100003639526365,0.0999980833129883,0.999990416564941
0.0120006197681251,0.099996700481875,0.999983502409375
0.0140009696918165,0.0999947803238086,0.999973901619043
0.01600142592,0.09999223808,0.9999611904
0.0180019996669336,0.0999889903486914,0.999944951743457
0.0200027011718749,0.099984955078125,0.999924775390625
0.0220035397061132,0.0999800515595117,0.999900257797559
0.0240045235799998,0.09997420042,0.9998710021
0.0260056601499803,0.0999673236156445,0.999836618078223
0.0280069558256251,0.099959344424375,0.999796722121875
0.0300084160766602,0.0999501874389648,0.999750937194824
0.03201004544,0.09993977856,0.9996988928
0.0340118475267773,0.0999280449888477,0.999640224944238
0.0360138250293749,0.099914915220625,0.999574576103125
0.0380159797284569,0.099900319037168,0.99950159518584
0.0400183124999999,0.0998841875,0.9994209375
0.042020823322324,0.0998664529433008,0.999332264716504
0.0440235112831251,0.099847048966875,0.999235244834375
0.046026374586504,0.0998259104291211,0.999129552145606
0.04802941056,0.09980297344,0.9990148672
0.0500326156616211,0.0997781753540039,0.99889087677002
0.052035985486875,0.099751454763125,0.998757273815625
0.0540395147758007,0.0997227514898242,0.998613757449121
0.0560431974199999,0.09969200658,0.9984600329
0.0580470264696678,0.099659162295957,0.998295811479785
0.0600509941406248,0.099624162109375,0.998120810546875
0.0620550918213478,0.0995869506942774,0.997934753471387
0.0640593100800001,0.09954747392,0.9977373696
0.0660636386714649,0.0995056788441602,0.997528394220801
0.068068066544375,0.099461513705625,0.997307568528125
0.0700725818481445,0.0994149279174805,0.997074639587402
0.0720771719399999,0.09936587206,0.9968293603
0.0740818233920116,0.0993142978736133,0.996571489368066
0.0760865219981248,0.099260158251875,0.996300791259375
0.0780912527811915,0.0992034072344336,0.996017036172168
0.0800960000000001,0.099144,0.99572
0.0821007471563086,0.0990818928593164,0.995409464296582
0.084105477001875,0.099017043248125,0.995085216240625
0.0861101715454882,0.0989494097201367,0.994747048600684
0.0881148120599999,0.09887895194,0.9943947597
0.0901193790893553,0.0988056306762695,0.994028153381348
0.0921238524556248,0.098729407794375,0.993647038971875
0.0941282112660353,0.0986502462495898,0.993251231247949
0.0961324339200001,0.09856811008,0.9928405504
0.0981364981161524,0.0984829643994727,0.992414821997363
0.100140380859375,0.098394775390625,0.991973876953125
0.102144058467832,0.098303510297793,0.991517551488965
0.10414750658,0.09820913742,0.9910456871
0.106150700161699,0.0981116261039258,0.990558130519629
0.108153613513125,0.098010946736875,0.990054733684375
0.110156220275879,0.0979070707397461,0.989535353698731
0.11215849344,0.09779997056,0.9889998528
0.114160405350996,0.0976896196646289,0.988448098323145
0.116161927716875,0.097575992533125,0.987879962665625
0.118163031615176,0.0974590646504492,0.987295323252246
0.1201636875,0.0973388125,0.9866940625
0.122163865209043,0.097215213556582,0.98607606778291
0.124163533970625,0.097088246279375,0.985441231396875
0.126162662410722,0.0969578901049024,0.984789450524512
0.12816121856,0.09682412544,0.9841206272
0.13015916986084,0.0966869336547852,0.983434668273926
0.132156483174375,0.096546297075625,0.982731485378125
0.13415312478752,0.0964021989781055,0.982010994890527
0.13614906042,0.09625462358,0.9812731179
0.138144255231387,0.0961035560342383,0.980517780171191
0.140138673828125,0.095948982421875,0.979744912109375
0.142132280270566,0.0957908897450586,0.978954448725293
0.14412503808,0.09562926592,0.9781463296
0.146116910245684,0.0954640997699414,0.977320498849707
0.148107859231875,0.095295381018125,0.976476905090625
0.150097846984863,0.0951231002807617,0.975615501403809
0.15208683494,0.09494724906,0.9747362453
0.15407478402873,0.0947678197368945,0.973839098684473
0.156061654685625,0.094584805564375,0.972924027821875
0.15804740685541,0.0943982006602149,0.971991003301074
0.160032,0.094208,0.97104
0.162015393105527,0.0940141994100977,0.970070997050488
0.163997544689375,0.093816795560625,0.969083977803125
0.165978412807207,0.093615785958418,0.96807892979209
0.16795795506,0.09341116894,0.9670558447
0.169936128601074,0.0932029436645508,0.966014718322754
0.171912890143125,0.092991110106875,0.964955550534375
0.173888195965254,0.0927756690503711,0.963878345251856
0.17586200192,0.09255662208,0.9627831104
0.177834263440371,0.0923339715752539,0.961669857876269
0.179804935546875,0.092107720703125,0.960538603515625
0.181773972854551,0.0918778734110742,0.959389367055371
0.18374132958,0.09164443442,0.9582221721
0.185706959548418,0.091407409217207,0.957037046086035
0.187670816200625,0.091166804049375,0.955834020246875
0.189632852600098,0.0909226259155274,0.954613129577637
0.19159302144,0.09067488256,0.9533744128
0.193551275050215,0.0904235824654101,0.952117912327051
0.195507565404375,0.090168734845625,0.950843674228125
0.197461844126895,0.0899103496387305,0.949551748193652
0.1994140625,0.0896484375,0.9482421875
0.201364171470761,0.0893830097948633,0.946915048974317
0.203312121658125,0.089114078591875,0.945570392959375
0.205257863359942,0.0888416566556836,0.944208283278418
0.20720134656,0.08856575744,0.9428287872
0.209142520935059,0.0882863950805664,0.941431975402832
0.211081335861875,0.0880035843881249,0.940017921940625
0.213017740424238,0.0877173408413867,0.938586704206934
0.21495168342,0.0874276805800001,0.9371384029
0.216883113368105,0.0871346203975195,0.935673101987598
0.218811978515625,0.086838177734375,0.934190888671875
0.220738226844785,0.0865383706708399,0.932691853354199
0.22266180608,0.0862352179200001,0.9311760896
0.224582663694902,0.0859287388207227,0.929643694103613
0.226500746919375,0.085618953330625,0.928094766653125
0.228416002746582,0.085305882019043,0.926529410095215
0.23032837794,0.08498954606,0.9249477303
0.23223781904045,0.0846699672251757,0.923349836125879
0.234144272373125,0.084347167876875,0.921735839384375
0.236047684054628,0.0840211709609962,0.920105854804981
0.237948,0.083692,0.91846
0.239845165929746,0.0833596790858789,0.916798395429394
0.241739127376875,0.083024232873125,0.915121164365625
0.243629829693926,0.0826856865716992,0.913428432858496
0.24551721806,0.0823440659399999,0.9117203297
0.247401237487793,0.081999397277832,0.90999698638916
0.249281832830625,0.0816517074193751,0.908258537096875
0.251158948789473,0.0813010237261524,0.906505118630762
0.25303252992,0.08094737408,0.9047368704
0.25490252063959,0.0805907868760352,0.902953934380176
0.256768865234375,0.080231291015625,0.901156455078125
0.25863150786627,0.0798689158993554,0.899344579496777
0.26049039258,0.07950369142,0.8975184571
0.262345463310136,0.0791356479554883,0.895678239777442
0.264196663888125,0.078764816361875,0.893824081809375
0.266043938049317,0.0783912279663085,0.891956139831543
0.26788722944,0.07801491456,0.8900745728
0.269726481624433,0.0776359083911915,0.888179541955957
0.271561638091875,0.077254242158125,0.886271210790625
0.273392642263613,0.0768699490020117,0.884349745010058
0.2752194375,0.0764830625000001,0.8824153125
0.277041967107481,0.0760936166581445,0.880468083290723
0.278860174345625,0.0757016459043749,0.878508229521875
0.28067400243416,0.0753071850814649,0.876535925407324
0.28248339456,0.0749102694400001,0.8745513472
0.284288293884277,0.0745109346313477,0.872554673156738
0.286088643549375,0.074109216700625,0.870546083503125
0.287884386685957,0.073705152079668,0.86852576039834
0.28967546642,0.07329877758,0.8664938879
0.291461825879825,0.0728901303858007,0.864450651929003
0.293243408203125,0.072479248046875,0.862396240234375
0.295020156544004,0.0720661684716212,0.860330842358106
0.29679201408,0.07165092992,0.8582546496
0.298558924019121,0.0712335709965039,0.856167854982519
0.300320829606875,0.070814130643125,0.854070653215625
0.302077674133301,0.0703926481323242,0.851963240661621
0.30382940094,0.0699691630600001,0.8498458153
0.305575953427168,0.069543715338457,0.847718576692285
0.307317275060625,0.0691163451893751,0.845581725946875
0.309053309378848,0.0686870931367774,0.843435465683887
0.310784,0.0682559999999999,0.84128
0.312509290628965,0.0678231068866602,0.839115534433301
0.314229125064375,0.067388455185625,0.836942275928125
0.315943447205644,0.0669520865599805,0.834760432799903
0.31765220106,0.06651404294,0.8325702147
0.319355330749511,0.0660743665161133,0.830371832580567
0.321052780518125,0.065633099731875,0.828165498659375
0.322744494738692,0.0651902852769335,0.825951426384668
0.32443041792,0.06474596608,0.8237298304
0.326110494713808,0.0643001853018165,0.821500926509082
0.327784669921875,0.063852986328125,0.819264931640625
0.329452888502988,0.0634044127626367,0.817022063813183
0.33111509558,0.0629545084200001,0.8147725421
0.332771236446856,0.0625033173187695,0.812516586593848
0.334421256575625,0.0620508836743749,0.810254418371875
0.336065101623535,0.0615972518920898,0.807986259460449
0.33770271744,0.0611424665600001,0.8057123328
0.339334050073652,0.0606865724419727,0.803432862209863
0.340959045779375,0.0602296144706249,0.801148072353125
0.342577651025332,0.059771637740293,0.798858188701465
0.3441898125,0.0593126875,0.7965634375
0.345795477119199,0.0588528091464258,0.794264045732129
0.347394592033125,0.058392048216875,0.791960241084375
0.348987104633379,0.0579304503822462,0.789652251911231
0.35057296256,0.05746806144,0.7873403072
0.352152113708496,0.0570049273071288,0.785024636535644
0.353724506236875,0.056541094013125,0.782705470065625
0.355290088572676,0.0560766076929492,0.780383038464746
0.35684880942,0.05561151458,0.7780575729
0.358400617766543,0.055145860999082,0.77572930499541
0.359945462890625,0.0546796933593751,0.773398466796875
0.361483294368223,0.0542130581474023,0.771065290737012
0.36301406208,0.0537460019199999,0.7687300096
0.36453771621834,0.0532785712972852,0.766392856486426
0.366054207294375,0.0528108129556251,0.764054064778126
0.367563486145019,0.0523427736206055,0.761713868103028
0.36906550394,0.05187450006,0.7593725003
0.370560212188887,0.0514060390767383,0.757030195383692
0.372047562748125,0.050937437501875,0.754687187509375
0.373527507828067,0.0504687421875585,0.752343710937793
0.375,0.05,0.75
0.376464992203183,0.0495312578124415,0.747656289062207
0.377922437751875,0.049062562498125,0.745312812490625
0.379372290342363,0.0485939609232617,0.742969804616308
0.38081450406,0.04812549994,0.7406274997
0.382249033386231,0.0476572263793945,0.738286131896972
0.383675833205625,0.0471891870443751,0.735945935221875
0.38509485881291,0.0467214287027148,0.733607143513574
0.38650606592,0.0462539980800001,0.7312699904
0.387909410663027,0.0457869418525977,0.728934709262988
0.389304849609375,0.0453203066406249,0.726601533203125
0.390692339764707,0.044854139000918,0.72427069500459
0.39207183858,0.04438848542,0.7219424271
0.393443303958574,0.0439233923070508,0.719616961535254
0.394806694263125,0.043458905986875,0.717294529934375
0.396161968322754,0.0429950726928712,0.714975363464356
0.39750908544,0.04253193856,0.7126596928
0.398848005397871,0.0420695496177538,0.710347748088769
0.400178688466875,0.041607951783125,0.708039758915625
0.401501095412051,0.0411471908535743,0.705735954267872
0.4028151875,0.0406873125,0.7034365625
0.404120926505918,0.040228362259707,0.701141811298535
0.405418274720625,0.0397703855293751,0.698851927646875
0.406707194957598,0.0393134275580273,0.696567137790137
0.40798765056,0.0388575334399999,0.6942876672
0.409259605407715,0.0384027481079102,0.692013740539551
0.410523023924375,0.0379491163256251,0.689745581628125
0.411777871084395,0.0374966826812305,0.687483413406152
0.41302411242,0.03704549158,0.6852274579
0.414261714028262,0.0365955872373633,0.682977936186817
0.415490642578125,0.036147013671875,0.680735068359375
0.416710865317441,0.0356998146981837,0.678499073490918
0.41792235008,0.03525403392,0.6762701696
0.419125065292558,0.0348097147230665,0.674048573615332
0.420318979981875,0.034366900268125,0.671834501340625
0.421504063781738,0.0339256334838866,0.669628167419433
0.42268028694,0.03348595706,0.6674297853
0.423847620325606,0.0330479134400195,0.665239567200097
0.425006035435625,0.032611544814375,0.663057724071875
0.426155504402285,0.0321768931133398,0.660884465566699
0.427296,0.0317440000000001,0.65872
0.428427495652402,0.0313129068632226,0.656564534316113
0.429549965439375,0.0308836548106249,0.654418274053125
0.430663384104082,0.030456284661543,0.652281423307715
0.43176772706,0.0300308369400001,0.650154184700001
0.432862970397949,0.0296073518676758,0.648036759338379
0.433949090893125,0.029185869356875,0.645929346784375
0.435026066012129,0.0287664290034961,0.643832145017481
0.43609387392,0.02834907008,0.6417453504
0.437152493487246,0.0279338315283788,0.639669157641894
0.438201904296875,0.027520751953125,0.637603759765625
0.439242086651426,0.0271098696141993,0.635549348070997
0.44027302158,0.02670122242,0.6335061121
0.441294690845293,0.026294847920332,0.63147423960166
0.442307076950625,0.025890783299375,0.629453916496875
0.443310163146973,0.0254890653686523,0.627445326843262
0.44430393344,0.0250897305600001,0.6254486528
0.44528837259709,0.0246928149185351,0.623464074592676
0.446263466154375,0.0242983540956251,0.621491770478125
0.44722920042377,0.0239063833418555,0.619531916709277
0.4481855625,0.0235169374999999,0.6175846875
0.449132540267637,0.0231300509979883,0.615650254989942
0.450070122408125,0.022745757841875,0.613728789209375
0.450998298406816,0.0223640916088086,0.611820458044043
0.45191705856,0.02198508544,0.6099254272
0.452826393981933,0.0216087720336914,0.608043860168457
0.453726296611875,0.021235183638125,0.606175918190625
0.454616759221113,0.0208643520445116,0.604321760222558
0.45549777542,0.02049630858,0.6024815429
0.45636933966498,0.0201310841006446,0.600655420503223
0.457231447265625,0.019768708984375,0.598843544921875
0.45808409439166,0.0194092131239648,0.597046065619824
0.45892727808,0.01905262592,0.5952631296
0.459760996241777,0.0186989762738476,0.593494881369238
0.460585247669375,0.0183482925806249,0.591741462903125
0.461400032043457,0.0180006027221679,0.59000301361084
0.46220534994,0.0176559340600001,0.5882796703
0.463001202837324,0.0173143134283008,0.586571567141504
0.463787593123125,0.016975767126875,0.584878835634375
0.464564524101504,0.0166403209141211,0.583201604570606
0.465332,0.016308,0.58154
0.466090025976621,0.0159788290390039,0.57989414519502
0.466838608126875,0.015652832123125,0.578264160615625
0.467577753490801,0.0153300327748242,0.576650163874121
0.46830747006,0.01501045394,0.5750522697
0.469027766784668,0.014694117980957,0.573470589904785
0.469738653580625,0.014381046669375,0.571905233346875
0.470440141336348,0.0140712611792773,0.570356305896387
0.47113224192,0.01376478208,0.5688239104
0.471814968186465,0.0134616293291601,0.567308146645801
0.472488333984375,0.013161822265625,0.565809111328125
0.473152354163145,0.0128653796024805,0.564326898012402
0.47380704458,0.0125723194199999,0.5628615971
0.474452422107012,0.0122826591586133,0.561413295793066
0.475088504638125,0.011996415611875,0.559982078059375
0.475715311096191,0.0117136049194336,0.558568024597168
0.47633286144,0.01143424256,0.5571712128
0.476941176671309,0.0111583433443164,0.555791716721582
0.477540278841875,0.010885921408125,0.554429607040625
0.478130191060488,0.0106169902051367,0.553084951025683
0.4787109375,0.0103515625,0.5517578125
0.479282543404355,0.0100896503612695,0.550448251806348
0.479845035095625,0.009831265154375,0.549156325771875
0.480398439981035,0.00957641753458975,0.547882087672949
0.48094278656,0.00932511744,0.5466255872
0.481478104431152,0.00907737408447261,0.545386870422363
0.482004424299375,0.00883319595062501,0.544165979753125
0.482521777982832,0.00859259078279295,0.542962953913965
0.48303019842,0.00835556558000004,0.5417778279
0.483529719676699,0.0081221265889258,0.540610632944629
0.484020376953125,0.00789227929687492,0.539461396484375
0.484502206590879,0.0076660284247461,0.538330142123731
0.48497524608,0.00744337791999997,0.5372168896
0.485439534065996,0.00722433094962888,0.536121654748144
0.485895110356875,0.00700888989312498,0.535044449465625
0.486342015930176,0.00679705633544921,0.533985281677246
0.48678029294,0.00658883105999995,0.5329441553
0.487209984724043,0.006384214041582,0.53192107020791
0.487631135810625,0.00618320443937494,0.530916022196875
0.488043791925723,0.00598580058990239,0.529929002949512
0.488448,0.00579199999999998,0.52896
0.48884380817584,0.00560179933978512,0.528008996698926
0.489231265814375,0.00541519443562499,0.527075972178125
0.48961042350252,0.00523218026310544,0.526160901315528
0.48998133306,0.00505275093999992,0.5252637547
0.490344047546387,0.00487689971923828,0.524384498596191
0.490698621268125,0.00470461898187496,0.523523094909375
0.491045109785566,0.00453590023005863,0.522679501150293
0.49138356992,0.00437073407999995,0.5218536704
0.491714059760684,0.00420911025494136,0.521045551274707
0.492036638671875,0.00405101757812501,0.520255087890625
0.492351367299863,0.00389644396576168,0.519482219828809
0.49265830758,0.0037453764199999,0.5187268821
0.492957522743731,0.00359780102189451,0.517989005109473
0.493249077325625,0.00345370292437498,0.517268514621875
0.49353303717041,0.00331306634521479,0.516565331726074
0.49380946944,0.00317587455999994,0.5158793728
0.494078442620527,0.00304210989509766,0.515210549475488
0.494340026529375,0.00291175372062501,0.514558768603125
0.494594292322207,0.0027847864434179,0.51392393221709
0.4948413125,0.00266118749999994,0.5133059375
0.495081160916074,0.00254093534955074,0.512704676747754
0.495313912783125,0.00242400746687492,0.512120037334375
0.495539644680254,0.00231038033537105,0.511551901676855
0.49575843456,0.00220002944000004,0.5110001472
0.495970361755371,0.00209292926025384,0.510464646301269
0.496175506986875,0.00198905326312494,0.509945266315625
0.496373952369551,0.00188837389607423,0.509441869480371
0.49656578142,0.00179086257999994,0.5089543129
0.496751079063418,0.00169648970220695,0.508482448511035
0.496929931640625,0.00160522460937496,0.508026123046875
0.497102426915098,0.00151703560052735,0.507585178002637
0.49726865408,0.00143188991999997,0.5071594496
0.497428703765215,0.00134975375041006,0.50674876875205
0.497582668044375,0.00127059220562502,0.506352961028125
0.497730640441895,0.00119436932373042,0.505971846618652
0.49787271594,0.00112104805999991,0.5056052403
0.498008990985762,0.00105059027986322,0.505252951399317
0.498139563498125,0.000982956751875,0.504914783759375
0.498264532874941,0.000918107140683549,0.504590535703418
0.498384,0.000855999999999954,0.50428
0.498498067250059,0.000796592765566387,0.503982963827832
0.498606838501875,0.000739841748124928,0.503699208740625
0.498710419139238,0.000685702126386661,0.503428510631934
0.49880891606,0.000634127939999965,0.5031706397
0.498902437683106,0.000585072082519456,0.502925360412597
0.498991093955625,0.000538486294374876,0.502692431471875
0.499074996359785,0.000494321155839819,0.502471605779199
0.49915425792,0.000452526079999988,0.5022626304
0.499228993209903,0.000413049305722585,0.502065246528613
0.499299318359375,0.000375837890625008,0.501879189453125
0.499365351061582,0.000340837704042932,0.501704188520215
0.49942721058,0.000307993419999972,0.5015399671
0.499485017755449,0.000277248510175798,0.501386242550879
0.499538895013125,0.000248545236874925,0.501242726184375
0.499588966369629,0.000221824645995988,0.50110912322998
0.49963535744,0.000197026559999938,0.5009851328
0.499678195444746,0.000174089570878819,0.500870447854394
0.499717609216875,0.00015295103312496,0.500764755165625
0.499753729208926,0.000133547056699088,0.500667735283496
0.4997866875,0.000115812499999909,0.5005790625
0.499816617802793,9.96809628319439e-05,0.50049840481416
0.499843655470625,8.50847793748694e-05,0.500425423896875
0.499867937504473,7.19550111523276e-05,0.500359775055761
0.49988960256,6.02214399999662e-05,0.5003011072
0.49990879095459,4.98125610350619e-05,0.500249062805176
0.499925644674375,4.06555756249649e-05,0.500203277878125
0.49994030738127,3.26763843553901e-05,0.500163381921777
0.49995292442,2.57995799999022e-05,0.5001289979
0.499963642825137,1.99484404882488e-05,0.500099742202442
0.499972611328125,1.50449218749571e-05,0.500075224609375
0.499979980364317,1.10096513085273e-05,0.500055048256543
0.49998590208,7.761919999974e-06,0.5000388096
0.499990530339434,5.21967619132591e-06,0.500026098380957
0.499994020731875,3.29951812493012e-06,0.500016497590625
0.499996530578614,1.91668701156333e-06,0.500009583435059
0.49999821894,9.85059999902838e-07,0.5000049253
0.499999246622481,4.17143144401666e-07,0.500002085715722
0.499999776185625,1.24064374856792e-07,0.500000620321875
0.49999997194916,1.55664648393561e-08,0.500000077832324
0.5,0,0.5
0.5,0,0.499999840958464
0.5,0,0.499998735310848
0.5,0,0.499995757386752
0.5,0,0.499990004187136
0.5,0,0.4999805952
0.5,0,0.499966672216064
0.5,0,0.499947399144448
0.5,0,0.499921961828352
0.5,0,0.499889567860736
0.5,0,0.4998494464
0.5,0,0.499800847985664
0.5,0,0.499743044354048
0.5,0,0.499675328253952
0.5,0,0.499597013262336
0.5,0,0.4995074336
0.5,0,0.499405943947264
0.5,0,0.499291919259648
0.5,0,0.499164754583552
0.5,0,0.499023864871936
0.5,0,0.4988686848
0.5,0,0.498698668580864
0.5,0,0.498513289781248
0.5,0,0.498312041137152
0.5,0,0.498094434369536
0.5,0,0.49786
0.5,0,0.497608287166464
0.5,0,0.497338863438848
0.5,0,0.497051314634752
0.5,0,0.496745244635136
0.5,0,0.4964202752
0.5,0,0.496076045784064
0.5,0,0.495712213352448
0.5,0,0.495328452196352
0.5,0,0.494924453748736
0.5,0,0.4944999264
0.5,0,0.494054595313664
0.5,0,0.493588202242048
0.5,0,0.493100505341952
0.5,0,0.492591278990336
0.5,0,0.4920603136
0.5,0,0.491507415435264
0.5,0,0.490932406427648
0.5,0,0.490335123991552
0.5,0,0.489715420839936
0.5,0,0.4890731648
0.5,0,0.488408238628864
0.5,0,0.487720539829248
0.5,0,0.487009980465152
0.5,0,0.486276486977536
0.5,0,0.48552
0.5,0,0.484740474174464
0.5,0,0.483937877966848
0.5,0,0.483112193482752
0.5,0,0.482263416283136
0.5,0,0.4813915552
0.5,0,0.480496632152064
0.5,0,0.479578681960448
0.5,0,0.478637752164352
0.5,0,0.477673902836736
0.5,0,0.4766872064
0.5,0,0.475677747441664
0.5,0,0.474645622530048
0.5,0,0.473590940029952
0.5,0,0.472513819918336
0.5,0,0.4714143936
0.5,0,0.470292803723264
0.5,0,0.469149203995648
0.5,0,0.467983758999552
0.5,0,0.466796644007936
0.5,0,0.4655880448
0.5,0,0.464358157476864
0.5,0,0.463107188277248
0.5,0,0.461835353393152
0.5,0,0.460542878785536
0.5,0,0.45923
0.5,0,0.457896961982464
0.5,0,0.456544018894848
0.5,0,0.455171433930752
0.5,0,0.453779479131136
0.5,0,0.4523684352
0.5,0,0.450938591320064
0.5,0,0.449490244968448
0.5,0,0.448023701732352
0.5,0,0.446539275124736
0.5,0,0.4450372864
0.5,0,0.443518064369664
0.5,0,0.441981945218048
0.5,0,0.440429272317952
0.5,0,0.438860396046336
0.5,0,0.4372756736
0.5,0,0.435675468811264
0.5,0,0.434060151963648
0.5,0,0.432430099607552
0.5,0,0.430785694375936
0.5,0,0.4291273248
0.5,0,0.427455385124864
0.5,0,0.425770275125248
0.5,0,0.424072399921152
0.5,0,0.422362169793536
0.5,0,0.42064
0.5,0,0.418906310590464
0.5,0,0.417161526222848
0.5,0,0.415406075978752
0.5,0,0.413640393179136
0.5,0,0.4118649152
0.5,0,0.410080083288064
0.5,0,0.408286342376448
0.5,0,0.406484140900352
0.5,0,0.404673930612736
0.5,0,0.4028561664
0.5,0,0.401031306097664
0.5,0,0.399199810306048
0.5,0,0.397362142205952
0.5,0,0.395518767374336
0.5,0,0.3936701536
0.5,0,0.391816770699264
0.5,0,0.389959090331648
0.5,0,0.388097585815552
0.5,0,0.386232731943936
0.5,0,0.3843650048
0.5,0,0.382494881572864
0.5,0,0.380622840373248
0.5,0,0.378749360049152
0.5,0,0.376874920001536
0.5,0,0.375
0.5,0,0.373125079998464
0.5,0,0.371250639950848
0.5,0,0.369377159626752
0.5,0,0.367505118427136
0.5,0,0.3656349952
0.5,0,0.363767268056064
0.5,0,0.361902414184448
0.5,0,0.360040909668352
0.5,0,0.358183229300736
0.5,0,0.3563298464
0.5,0,0.354481232625664
0.5,0,0.352637857794048
0.5,0,0.350800189693952
0.5,0,0.348968693902336
0.5,0,0.3471438336
0.5,0,0.345326069387264
0.5,0,0.343515859099648
0.5,0,0.341713657623552
0.5,0,0.339919916711936
0.5,0,0.3381350848
0.5,0,0.336359606820864
0.5,0,0.334593924021248
0.5,0,0.332838473777152
0.5,0,0.331093689409536
0.5,0,0.32936
0.5,0,0.327637830206464
0.5,0,0.325927600078848
0.5,0,0.324229724874752
0.5,0,0.322544614875136
0.5,0,0.3208726752
0.5,0,0.319214305624064
0.5,0,0.317569900392448
0.5,0,0.315939848036352
0.5,0,0.314324531188736
0.5,0,0.3127243264
0.5,0,0.311139603953664
0.5,0,0.309570727682048
0.5,0,0.308018054781952
0.5,0,0.306481935630336
0.5,0,0.3049627136
0.5,0,0.303460724875264
0.5,0,0.301976298267648
0.5,0,0.300509755031552
0.5,0,0.299061408679936
0.5,0,0.2976315648
0.5,0,0.296220520868864
0.5,0,0.294828566069248
0.5,0,0.293455981105152
0.5,0,0.292103038017536
0.5,0,0.29077
0.5,0,0.289457121214464
0.5,0,0.288164646606848
0.5,0,0.286892811722752
0.5,0,0.285641842523136
0.5,0,0.2844119552
0.5,0,0.283203355992064
0.5,0,0.282016241000448
0.5,0,0.280850796004352
0.5,0,0.279707196276736
0.5,0,0.2785856064
0.5,0,0.277486180081664
0.5,0,0.276409059970048
0.5,0,0.275354377469952
0.5,0,0.274322252558336
0.5,0,0.2733127936
0.5,0,0.272326097163264
0.5,0,0.271362247835648
0.5,0,0.270421318039552
0.5,0,0.269503367847936
0.5,0,0.2686084448
0.5,0,0.267736583716864
0.5,0,0.266887806517248
0.5,0,0.266062122033152
0.5,0,0.265259525825536
0.5,0,0.26448
0.5,0,0.263723513022464
0.5,0,0.262990019534848
0.5,0,0.262279460170752
0.5,0,0.261591761371136
0.5,0,0.2609268352
0.5,0,0.260284579160064
0.5,0,0.259664876008448
0.5,0,0.259067593572352
0.5,0,0.258492584564736
0.5,0,0.2579396864
0.5,0,0.257408721009664
0.5,0,0.256899494658048
0.5,0,0.256411797757952
0.5,0,0.255945404686336
0.5,0,0.2555000736
0.5,0,0.255075546251264
0.5,0,0.254671547803648
0.5,0,0.254287786647552
0.5,0,0.253923954215936
0.5,0,0.2535797248
0.5,0,0.253254755364864
0.5,0,0.252948685365248
0.5,0,0.252661136561152
0.5,0,0.252391712833536
0.5,0,0.25214
0.5,0,0.251905565630464
0.5,0,0.251687958862848
0.5,0,0.251486710218752
0.5,0,0.251301331419136
0.5,0,0.2511313152
0.5,0,0.250976135128064
0.5,0,0.250835245416448
0.5,0,0.250708080740352
0.5,0,0.250594056052736
0.5,0,0.2504925664
0.5,0,0.250402986737664
0.5,0,0.250324671746048
0.5,0,0.250256955645952
0.5,0,0.250199152014336
0.5,0,0.2501505536
0.5,0,0.250110432139264
0.5,0,0.250078038171648
0.5,0,0.250052600855552
0.5,0,0.250033327783936
0.5,0,0.2500194048
0.5,0,0.250009995812864
0.5,0,0.250004242613248
0.5,0,0.250001264689152
0.5,0,0.250000159041536
0.5,0,0.25
0.5,0,0.25
0.5,0,0.25
0.5,0,0.25
0.5,0,0.25
0.5,0,0.25
0.5,0,0.25
0.5,0,0.25
0.5,0,0.25
0.5,0,0.25
0.5,0,0.25
0.5,0,0.25
0.5,0,0.25
0.5,0,0.25
0.5,0,0.25
0.5,0,0.25
0.5,0,0.25
0.5,0,0.25
0.5,0,0.25
0.5,0,0.25
0.5,0,0.25
0.5,0,0.25
0.5,0,0.25
0.5,0,0.25
0.5,0,0.25
0.5,0,0.25
0.5,0,0.25
0.5,0,0.25
0.5,0,0.25
0.5,0,0.25
0.5,0,0.25
0.5,0,0.25
0.5,0,0.25
0.5,0,0.25
0.5,0,0.25
0.5,0,0.25
0.5,0,0.25
0.5,0,0.25
0.5,0,0.25
0.5,0,0.25
0.5,0,0.25
0.5,0,0.25
0.5,0,0.25
0.5,0,0.25
0.5,0,0.25
0.5,0,0.25
0.5,0,0.25
0.5,0,0.25
0.5,0,0.25
0.5,0,0.25
0.5,0,0.25
0.5,0,0.250000159041536
0.5,0,0.250001264689152
0.5,0,0.250004242613248
0.5,0,0.250009995812864
0.5,0,0.2500194048
0.5,0,0.250033327783936
0.5,0,0.250052600855552
0.5,0,0.250078038171648
0.5,0,0.250110432139264
0.5,0,0.2501505536
0.5,0,0.250199152014336
0.5,0,0.250256955645952
0.5,0,0.250324671746048
0.5,0,0.250402986737664
0.5,0,0.2504925664
0.5,0,0.250594056052736
0.5,0,0.250708080740352
0.5,0,0.250835245416448
0.5,0,0.250976135128064
0.5,0,0.2511313152
0.5,0,0.251301331419136
0.5,0,0.251486710218752
0.5,0,0.251687958862848
0.5,0,0.251905565630464
0.5,0,0.25214
0.5,0,0.252391712833536
0.5,0,0.252661136561152
0.5,0,0.252948685365248
0.5,0,0.253254755364864
0.5,0,0.2535797248
0.5,0,0.253923954215936
0.5,0,0.254287786647552
0.5,0,0.254671547803648
0.5,0,0.255075546251264
0.5,0,0.2555000736
0.5,0,0.255945404686336
0.5,0,0.256411797757952
0.5,0,0.256899494658048
0.5,0,0.257408721009664
0.5,0,0.2579396864
0.5,0,0.258492584564736
0.5,0,0.259067593572352
0.5,0,0.259664876008448
0.5,0,0.260284579160064
0.5,0,0.2609268352
0.5,0,0.261591761371136
0.5,0,0.262279460170752
0.5,0,0.262990019534848
0.5,0,0.263723513022464
0.5,0,0.26448
0.5,0,0.265259525825536
0.5,0,0.266062122033152
0.5,0,0.266887806517248
0.5,0,0.267736583716864
0.5,0,0.2686084448
0.5,0,0.269503367847936
0.5,0,0.270421318039552
0.5,0,0.271362247835648
0.5,0,0.272326097163264
0.5,0,0.2733127936
0.5,0,0.274322252558336
0.5,0,0.275354377469952
0.5,0,0.276409059970048
0.5,0,0.277486180081664
0.5,0,0.2785856064
0.5,0,0.279707196276736
0.5,0,0.280850796004352
0.5,0,0.282016241000448
0.5,0,0.283203355992064
0.5,0,0.2844119552
0.5,0,0.285641842523136
0.5,0,0.286892811722752
0.5,0,0.288164646606848
0.5,0,0.289457121214464
0.5,0,0.29077
0.5,0,0.292103038017536
0.5,0,0.293455981105152
0.5,0,0.294828566069248
0.5,0,0.296220520868864
0.5,0,0.2976315648
0.5,0,0.299061408679936
0.5,0,0.300509755031552
0.5,0,0.301976298267648
0.5,0,0.303460724875264
0.5,0,0.3049627136
0.5,0,0.306481935630336
0.5,0,0.308018054781952
0.5,0,0.309570727682048
0.5,0,0.311139603953664
0.5,0,0.3127243264
0.5,0,0.314324531188736
0.5,0,0.315939848036352
0.5,0,0.317569900392448
0.5,0,0.319214305624064
0.5,0,0.3208726752
0.5,0,0.322544614875136
0.5,0,0.324229724874752
0.5,0,0.325927600078848
0.5,0,0.327637830206464
0.5,0,0.32936
0.5,0,0.331093689409536
0.5,0,0.332838473777152
0.5,0,0.334593924021248
0.5,0,0.336359606820864
0.5,0,0.3381350848
0.5,0,0.339919916711936
0.5,0,0.341713657623552
0.5,0,0.343515859099648
0.5,0,0.345326069387264
0.5,0,0.3471438336
0.5,0,0.348968693902336
0.5,0,0.350800189693952
0.5,0,0.352637857794048
0.5,0,0.354481232625664
0.5,0,0.3563298464
0.5,0,0.358183229300736
0.5,0,0.360040909668352
0.5,0,0.361902414184448
0.5,0,0.363767268056064
0.5,0,0.3656349952
0.5,0,0.367505118427136
0.5,0,0.369377159626752
0.5,0,0.371250639950848
0.5,0,0.373125079998464
0.5,0,0.375
0.5,0,0.376874920001536
0.5,0,0.378749360049152
0.5,0,0.380622840373248
0.5,0,0.382494881572864
0.5,0,0.3843650048
0.5,0,0.386232731943936
0.5,0,0.388097585815552
0.5,0,0.389959090331648
0.5,0,0.391816770699264
0.5,0,0.3936701536
0.5,0,0.395518767374336
0.5,0,0.397362142205952
0.5,0,0.399199810306048
0.5,0,0.401031306097664
0.5,0,0.4028561664
0.5,0,0.404673930612736
0.5,0,0.406484140900352
0.5,0,0.408286342376448
0.5,0,0.410080083288064
0.5,0,0.4118649152
0.5,0,0.413640393179136
0.5,0,0.415406075978752
0.5,0,0.417161526222848
0.5,0,0.418906310590464
0.5,0,0.42064
0.5,0,0.422362169793536
0.5,0,0.424072399921152
0.5,0,0.425770275125248
0.5,0,0.427455385124864
0.5,0,0.4291273248
0.5,0,0.430785694375936
0.5,0,0.432430099607552
0.5,0,0.434060151963648
0.5,0,0.435675468811264
0.5,0,0.4372756736
0.5,0,0.438860396046336
0.5,0,0.440429272317952
0.5,0,0.441981945218048
0.5,0,0.443518064369664
0.5,0,0.4450372864
0.5,0,0.446539275124736
0.5,0,0.448023701732352
0.5,0,0.449490244968448
0.5,0,0.450938591320064
0.5,0,0.4523684352
0.5,0,0.453779479131136
0.5,0,0.455171433930752
0.5,0,0.456544018894848
0.5,0,0.457896961982464
0.5,0,0.45923
0.5,0,0.460542878785536
0.5,0,0.461835353393152
0.5,0,0.463107188277248
0.5,0,0.464358157476864
0.5,0,0.4655880448
0.5,0,0.466796644007936
0.5,0,0.467983758999552
0.5,0,0.469149203995648
0.5,0,0.470292803723264
0.5,0,0.4714143936
0.5,0,0.472513819918336
0.5,0,0.473590940029952
0.5,0,0.474645622530048
0.5,0,0.475677747441664
0.5,0,0.4766872064
0.5,0,0.477673902836736
0.5,0,0.478637752164352
0.5,0,0.479578681960448
0.5,0,0.480496632152064
0.5,0,0.4813915552
0.5,0,0.482263416283136
0.5,0,0.483112193482752
0.5,0,0.483937877966848
0.5,0,0.484740474174464
0.5,0,0.48552
0.5,0,0.486276486977536
0.5,0,0.487009980465152
0.5,0,0.487720539829248
0.5,0,0.488408238628864
0.5,0,0.4890731648
0.5,0,0.489715420839936
0.5,0,0.490335123991552
0.5,0,0.490932406427648
0.5,0,0.491507415435264
0.5,0,0.4920603136
0.5,0,0.492591278990336
0.5,0,0.493100505341952
0.5,0,0.493588202242048
0.5,0,0.494054595313664
0.5,0,0.4944999264
0.5,0,0.494924453748736
0.5,0,0.495328452196352
0.5,0,0.495712213352448
0.5,0,0.496076045784064
0.5,0,0.4964202752
0.5,0,0.496745244635136
0.5,0,0.497051314634752
0.5,0,0.497338863438848
0.5,0,0.497608287166464
0.5,0,0.49786
0.5,0,0.498094434369536
0.5,0,0.498312041137152
0.5,0,0.498513289781248
0.5,0,0.498698668580864
0.5,0,0.4988686848
0.5,0,0.499023864871936
0.5,0,0.499164754583552
0.5,0,0.499291919259648
0.5,0,0.499405943947264
0.5,0,0.4995074336
0.5,0,0.499597013262336
0.5,0,0.499675328253952
0.5,0,0.499743044354048
0.5,0,0.499800847985664
0.5,0,0.4998494464
0.5,0,0.499889567860736
0.5,0,0.499921961828352
0.5,0,0.499947399144448
0.5,0,0.499966672216064
0.5,0,0.4999805952
0.5,0,0.499990004187136
0.5,0,0.499995757386752
0.5,0,0.499998735310848
0.5,0,0.499999840958464
0.5,0,0.5
