0,0,0
0,0,-0.004458000384
0,0,-0.008808579072
0,0,-0.013052602368
0,0,-0.017190936576
0,0,-0.021224448
0,0,-0.025154002944
0,0,-0.028980467712
0,0,-0.032704708608
0,0,-0.036327591936
0,0,-0.039849984
0,0,-0.043272751104
0,0,-0.046596759552
0,0,-0.049822875648
0,0,-0.052951965696
0,0,-0.055984896
0,0,-0.058922532864
0,0,-0.061765742592
0,0,-0.064515391488
0,0,-0.067172345856
0,0,-0.069737472
0,0,-0.072211636224
0,0,-0.074595704832
0,0,-0.076890544128
0,0,-0.079097020416
0,0,-0.081216
0,0,-0.083248349184
0,0,-0.085194934272
0,0,-0.087056621568
0,0,-0.088834277376
0,0,-0.090528768
0,0,-0.092140959744
0,0,-0.093671718912
0,0,-0.095121911808
0,0,-0.096492404736
0,0,-0.097784064
0,0,-0.098997755904
0,0,-0.100134346752
0,0,-0.101194702848
0,0,-0.102179690496
0,0,-0.103090176
0,0,-0.103927025664
0,0,-0.104691105792
0,0,-0.105383282688
0,0,-0.106004422656
0,0,-0.106555392
0,0,-0.107037057024
0,0,-0.107450284032
0,0,-0.107795939328
0,0,-0.108074889216
0,0,-0.108288
0,0,-0.108436137984
0,0,-0.108520169472
0,0,-0.108540960768
0,0,-0.108499378176
0,0,-0.108396288
0,0,-0.108232556544
0,0,-0.108009050112
0,0,-0.107726635008
0,0,-0.107386177536
0,0,-0.106988544
0,0,-0.106534600704
0,0,-0.106025213952
0,0,-0.105461250048
0,0,-0.104843575296
0,0,-0.104173056
0,0,-0.103450558464
0,0,-0.102676948992
0,0,-0.101853093888
0,0,-0.100979859456
0,0,-0.100058112
0,0,-0.099088717824
0,0,-0.098072543232
0,0,-0.097010454528
0,0,-0.095903318016
0,0,-0.094752
0,0,-0.093557366784
0,0,-0.092320284672
0,0,-0.091041619968
0,0,-0.089722238976
0,0,-0.088363008
0,0,-0.086964793344
0,0,-0.085528461312
0,0,-0.084054878208
0,0,-0.082544910336
0,0,-0.0809994240000001
0,0,-0.079419285504
0,0,-0.077805361152
0,0,-0.076158517248
0,0,-0.074479620096
0,0,-0.072769536
0,0,-0.071029131264
0,0,-0.069259272192
0,0,-0.067460825088
0,0,-0.065634656256
0,0,-0.063781632
0,0,-0.061902618624
0,0,-0.059998482432
0,0,-0.058070089728
0,0,-0.056118306816
0,0,-0.054144
0,0,-0.052148035584
0,0,-0.050131279872
0,0,-0.048094599168
0,0,-0.0460388597759999
0,0,-0.043964928
0,0,-0.041873670144
0,0,-0.039765952512
0,0,-0.037642641408
0,0,-0.035504603136
0,0,-0.033352704
0,0,-0.0311878103039999
0,0,-0.029010788352
0,0,-0.0268225044479999
0,0,-0.024623824896
0,0,-0.022415616
0,0,-0.020198744064
0,0,-0.017974075392
0,0,-0.015742476288
0,0,-0.013504813056
0,0,-0.011261952
0,0,-0.00901475942399999
0,0,-0.00676410163199993
0,0,-0.00451084492799997
0,0,-0.00225585561600004
0,0,0
0,0,0.00225585561600009
0,0,0.00451084492800007
0,0,0.00676410163199996
0,0,0.00901475942400004
0,0,0.0112619520000001
0,0,0.013504813056
0,0,0.015742476288
0,0,0.0179740753920001
0,0,0.0201987440640001
0,0,0.022415616
0,0,0.024623824896
0,0,0.0268225044480001
0,0,0.0290107883520001
0,0,0.031187810304
0,0,0.033352704
0,0,0.035504603136
0,0,0.037642641408
0,0,0.0397659525120001
0,0,0.041873670144
0,0,0.0439649279999999
0,0,0.046038859776
0,0,0.048094599168
0,0,0.050131279872
0,0,0.052148035584
0,0,0.054144
0,0,0.0561183068160001
0,0,0.0580700897280002
0,0,0.0599984824320001
0,0,0.0619026186240001
0,0,0.0637816320000001
0,0,0.0656346562560002
0,0,0.0674608250880001
0,0,0.069259272192
0,0,0.0710291312640001
0,0,0.0727695360000002
0,0,0.0744796200960001
0,0,0.076158517248
0,0,0.0778053611520001
0,0,0.0794192855040002
0,0,0.0809994240000002
0,0,0.0825449103360001
0,0,0.084054878208
0,0,0.0855284613120002
0,0,0.0869647933440002
0,0,0.0883630080000001
0,0,0.0897222389760001
0,0,0.0910416199680001
0,0,0.0923202846720002
0,0,0.0935573667840001
0,0,0.0947520000000001
0,0,0.095903318016
0,0,0.0970104545280001
0,0,0.0980725432320001
0,0,0.0990887178240002
0,0,0.100058112
0,0,0.100979859456
0,0,0.101853093888
0,0,0.102676948992
0,0,0.103450558464
0,0,0.104173056
0,0,0.104843575296
0,0,0.105461250048
0,0,0.106025213952
0,0,0.106534600704
0,0,0.106988544
0,0,0.107386177536
0,0,0.107726635008
0,0,0.108009050112
0,0,0.108232556544
0,0,0.108396288
0,0,0.108499378176
0,0,0.108540960768
0,0,0.108520169472
0,0,0.108436137984
0,0,0.108288
0,0,0.108074889216
0,0,0.107795939328
0,0,0.107450284032
0,0,0.107037057024
0,0,0.106555392
0,0,0.106004422656
0,0,0.105383282688
0,0,0.104691105792
0,0,0.103927025664
0,0,0.103090176
0,0,0.102179690496
0,0,0.101194702848
0,0,0.100134346752
0,0,0.0989977559040001
0,0,0.0977840640000001
0,0,0.0964924047360002
0,0,0.0951219118080001
0,0,0.0936717189120002
0,0,0.0921409597440001
0,0,0.0905287680000001
0,0,0.0888342773760001
0,0,0.0870566215680001
0,0,0.0851949342720001
0,0,0.0832483491840001
0,0,0.0812160000000002
0,0,0.0790970204160001
0,0,0.0768905441280002
0,0,0.0745957048320001
0,0,0.0722116362240001
0,0,0.069737472
0,0,0.0671723458560001
0,0,0.0645153914880004
0,0,0.0617657425920001
0,0,0.0589225328640005
0,0,0.055984896
0,0,0.0529519656960005
0,0,0.0498228756480004
0,0,0.0465967595520005
0,0,0.0432727511040004
0,0,0.0398499840000005
0,0,0.0363275919360004
0,0,0.0327047086080004
0,0,0.0289804677120003
0,0,0.0251540029440005
0,0,0.0212244480000004
0,0,0.0171909365760005
0,0,0.0130526023680003
0,0,0.00880857907200042
0,0,0.00445800038400031
0,0,0
0,0,0
0,0,0
0,0,0
0,0,0
0,0,0
0,0,0
0,0,0
0,0,0
0,0,0
0,0,0
0,0,0
0,0,0
0,0,0
0,0,0
0,0,0
0,0,0
0,0,0
0,0,0
0,0,0
0,0,0
0,0,0
0,0,0
0,0,0
0,0,0
0,0,0
0,0,0
0,0,0
0,0,0
0,0,0
0,0,0
0,0,0
0,0,0
0,0,0
0,0,0
0,0,0
0,0,0
0,0,0
0,0,0
0,0,0
0,0,0
0,0,0
0,0,0
0,0,0
0,0,0
0,0,0
0,0,0
0,0,0
0,0,0
0,0,0
0,0,0
0,0,0
0,0,0
0,0,0
0,0,0
0,0,0
0,0,0
0,0,0
0,0,0
0,0,0
0,0,0
0,0,0
0,0,0
0,0,0
0,0,0
0,0,0
0,0,0
0,0,0
0,0,0
0,0,0
0,0,0
0,0,0
0,0,0
0,0,0
0,0,0
0,0,0
0,0,0
0,0,0
0,0,0
0,0,0
0,0,0
0,0,0
0,0,0
0,0,0
0,0,0
0,0,0
0,0,0
0,0,0
0,0,0
0,0,0
0,0,0
0,0,0
0,0,0
0,0,0
0,0,0
0,0,0
0,0,0
0,0,0
0,0,0
0,0,0
0,0,0
0,0,0.0225792000000005
0,0,0.0423936
0,0,0.0595584000000004
0,0,0.0741888000000001
0,0,0.0864000000000003
0,0,0.0963072000000001
0,0,0.1040256
0,0,0.1096704
0,0,0.1133568
0,0,0.1152
0,0,0.1153152
0,0,0.1138176
0,0,0.1108224
0,0,0.1064448
0,0,0.1008
0,0,0.0940031999999999
0,0,0.0861696000000001
0,0,0.0774143999999998
0,0,0.0678528000000001
0,0,0.0575999999999998
0,0,0.0467712
0,0,0.0354815999999998
0,0,0.0238464
0,0,0.0119807999999997
0,0,0
0,0,-0.0119808000000003
0,0,-0.0238464
0,0,-0.0354816000000003
0,0,-0.0467712
0,0,-0.0576000000000004
0,0,-0.0678528000000001
0,0,-0.0774144000000003
0,0,-0.0861696
0,0,-0.0940031999999999
0,0,-0.1008
0,0,-0.1064448
0,0,-0.1108224
0,0,-0.1138176
0,0,-0.1153152
0,0,-0.1152
0,0,-0.1133568
0,0,-0.1096704
0,0,-0.1040256
0,0,-0.0963072
0,0,-0.0863999999999999
0,0,-0.0741888
0,0,-0.0595583999999999
0,0,-0.0423936
0,0,-0.0225791999999997
0,0,0
-0.000764490033914424,0.00173430594395189,0.0015608753495567
-0.00151863580650923,0.00343879573987037,0.00309491616588333
-0.00226248872493606,0.00511364074492775,0.00460227667043498
-0.00299610019634676,0.00675901231629679,0.00608311108466711
-0.00371952162789313,0.00837508181115009,0.00753757363003508
-0.004432804426727,0.0099620205866604,0.00896581852799436
-0.00513600000000002,0.01152,0.010368
-0.00582915975486405,0.0130491914083418,0.0117442722675076
-0.00651233509847087,0.0145497661688582,0.0130947895519724
-0.00718557743797225,0.0160218956387219,0.0144197060748497
-0.00784893818052004,0.0174657511751057,0.0157191760575951
-0.00850246873326591,0.0188815041351818,0.0169933537216636
-0.00914622050336169,0.020269325876123,0.0182423932885107
-0.00978024489795916,0.021629387755102,0.0194664489795918
-0.0104045933242102,0.0229618611292914,0.0206656750163623
-0.0110193171892664,0.0242669173558636,0.0218402256202773
-0.0116244679002796,0.0255447277919914,0.0229902550127923
-0.0122200968644017,0.0267954637948473,0.0241159174153626
-0.0128062554887845,0.0280192967216041,0.0252173670494437
-0.0133829951805795,0.0292163979294342,0.0262947581364908
-0.0139503673469388,0.0303869387755102,0.0273482448979592
-0.014508423395014,0.0315310906170048,0.0283779815553043
-0.0150572147319569,0.0326490248110907,0.0293841223299816
-0.0155967927649194,0.0337409127149402,0.0303668214434462
-0.0161272089010531,0.0348069256857262,0.0313262331171536
-0.01664851454751,0.0358472350806211,0.032262511572559
-0.0171607611114417,0.0368620122567978,0.033175811031118
-0.017664,0.0378514285714286,0.0340662857142857
-0.0181582826203368,0.0388156553816862,0.0349340898435176
-0.0186436603796037,0.0397548640447432,0.0357793776402689
-0.0191201846849527,0.0406692259177724,0.0366023033259952
-0.0195879069435354,0.0415589123579461,0.0374030211221515
-0.0200468785625037,0.0424240947224371,0.0381816852501934
-0.0204971509490093,0.0432649443684179,0.0389384499315761
-0.0209387755102041,0.0440816326530613,0.0396734693877552
-0.0213718036532397,0.0448743309335396,0.0403868978401857
-0.0217962867852681,0.0456432105670256,0.0410788895103231
-0.0222122763134408,0.046388442910692,0.0417495986196228
-0.0226198236449098,0.0471101993217112,0.0423991793895401
-0.0230189801868269,0.0478086511572559,0.0430277860415303
-0.0234097973463438,0.0484839697744987,0.0436355727970489
-0.0237923265306122,0.0491363265306122,0.044222693877551
-0.0241666191467841,0.0497658927827691,0.0447893035044922
-0.0245327266020111,0.0503728398881419,0.0453355558993277
-0.024890700303445,0.0509573392039031,0.0458616052835128
-0.0252405916582376,0.0515195620872256,0.046367605878503
-0.0255824520735408,0.0520596798952817,0.0468537119057535
-0.0259163329565062,0.0525778639852442,0.0473200775867198
-0.0262422857142857,0.0530742857142857,0.0477668571428572
-0.0265603617540311,0.0535491164395787,0.0481942047956209
-0.026870612482894,0.0540025275182959,0.0486022747664663
-0.0271730893080264,0.0544346903076099,0.0489912212768489
-0.02746784363658,0.0548457761646933,0.049361198548224
-0.0277549268757066,0.0552359564467186,0.0497123608020468
-0.0280343904325579,0.0556054025108586,0.0500448622597727
-0.0283062857142857,0.0559542857142857,0.0503588571428572
-0.0285706641280419,0.0562827774141727,0.0506544996727554
-0.0288275770809782,0.056591048967692,0.0509319440709228
-0.0290770759802463,0.0568792717320164,0.0511913445588148
-0.0293192122329982,0.0571476170643184,0.0514328553578866
-0.0295540372463854,0.0573962563217707,0.0516566306895936
-0.02978160242756,0.0576253608615458,0.0518628247753912
-0.0300019591836735,0.0578351020408163,0.0520515918367347
-0.0302151589218778,0.0580256512167549,0.0522230860950794
-0.0304212530493247,0.0581971797465342,0.0523774617718808
-0.0306202929731659,0.0583498589873267,0.052514873088594
-0.0308123301005533,0.0584838602963051,0.0526354742666746
-0.0309974158386387,0.058599355030642,0.0527394195275778
-0.0311756015945737,0.05869651454751,0.052826863092759
-0.0313469387755102,0.0587755102040816,0.0528979591836735
-0.0315114787886,0.0588365133575296,0.0529528620217766
-0.0316692730409948,0.0588796953650265,0.0529917258285238
-0.0318203729398465,0.0589052275837449,0.0530147048253704
-0.0319648298923068,0.0589132813708574,0.0530219532337717
-0.0321026953055275,0.0589040280835366,0.053013625275183
-0.0322340205866603,0.0588776390789552,0.0529898751710597
-0.0323588571428571,0.0588342857142857,0.0529508571428572
-0.0324772563812697,0.0587741393467008,0.0528967254120307
-0.0325892697090498,0.058697371333373,0.0528276342000357
-0.0326949485333492,0.058604153031475,0.0527437377283275
-0.0327943442613197,0.0584946557981793,0.0526451902183614
-0.032887508300113,0.0583690509906586,0.0525321458915928
-0.0329744920568811,0.0582275099660855,0.052404758969477
-0.0330553469387755,0.0580702040816326,0.0522631836734694
-0.0331301243529482,0.0578973046944725,0.0521075742250253
-0.0331988757065508,0.0577089831617778,0.0519380848456
-0.0332616524067353,0.0575054108407211,0.051754869756649
-0.0333185058606533,0.057286759088475,0.0515580831796275
-0.0333694874754567,0.0570531992622122,0.051347879335991
-0.0334146486582971,0.0568049027191051,0.0511244124471946
-0.0334540408163265,0.0565420408163265,0.0508878367346939
-0.0334877153566966,0.0562647849110489,0.0506383064199441
-0.0335157236865592,0.055973306360445,0.0503759757244006
-0.033538117213066,0.0556677765216874,0.0501009988695186
-0.0335549473433688,0.0553483667519486,0.0498135300767537
-0.0335662654846195,0.0550152484084012,0.0495137235675611
-0.0335721230439698,0.054668592848218,0.0492017335633962
-0.0335725714285714,0.0543085714285714,0.0488777142857143
-0.0335676620455762,0.0539353555066341,0.0485418199559707
-0.033557446302136,0.0535491164395787,0.0481942047956209
-0.0335419756054025,0.0531500255845778,0.0478350230261201
-0.0335213013625275,0.052738254298804,0.0474644288689237
-0.0334954749806628,0.05231397393943,0.047082576545487
-0.0334645478669602,0.0518773558636282,0.0466896202772654
-0.0334285714285714,0.0514285714285714,0.0462857142857143
-0.0333875970726483,0.0509677919914321,0.0458710127922889
-0.0333416762063426,0.050495188909383,0.0454456700184447
-0.0332908602368061,0.0500109335395966,0.045009840185637
-0.0332352005711906,0.0495151972392456,0.044563677515321
-0.0331747486166478,0.0490081513655024,0.0441073362289522
-0.0331095557803296,0.0484899672755399,0.043640970547986
-0.0330396734693877,0.0479608163265306,0.0431647346938776
-0.032965153090974,0.047420869875647,0.0426787828880824
-0.0328860460522401,0.0468702992800619,0.0421832693520557
-0.0328024037603379,0.0463092758969477,0.0416783483072529
-0.0327142776224192,0.0457379710834771,0.0411641739751294
-0.0326217190456357,0.0451565561968227,0.0406409005771405
-0.0325247794371393,0.0445652025941572,0.0401086823347415
-0.0324235102040816,0.043964081632653,0.0395676734693877
-0.0323179627536145,0.0433533646694829,0.0390180282025347
-0.0322081884928899,0.0427332230618195,0.0384599007556376
-0.0320942388290593,0.0421038281668353,0.0378934453501517
-0.0319761651692747,0.0414653513417028,0.0373188162075326
-0.0318540189206878,0.0408179639435949,0.0367361675492355
-0.0317278514904504,0.040161837329684,0.0361456535967157
-0.0315977142857143,0.0394971428571428,0.0355474285714286
-0.0314636587136312,0.0388240518831439,0.0349416466948295
-0.031325736181353,0.0381427357648599,0.0343284621883739
-0.0311839980960314,0.0374533658594633,0.033708029273517
-0.0310384958648182,0.0367561135241268,0.0330805021717142
-0.0308892808948652,0.036051150116023,0.0324460351044208
-0.0307364045933242,0.0353386469923246,0.0318047822930922
-0.0305799183673469,0.034618775510204,0.0311568979591837
-0.0304198736240852,0.0338917070268341,0.0305025363241507
-0.0302563217706908,0.0331576128993871,0.0298418516094484
-0.0300893142143154,0.0324166644850359,0.0291749980365324
-0.029918902362111,0.0316690331409531,0.0285021298268578
-0.0297451376212292,0.0309148902243113,0.0278234012018802
-0.0295680713988219,0.030154407092283,0.0271389663830547
-0.0293877551020408,0.0293877551020408,0.0264489795918367
-0.0292042401380377,0.0286151056107574,0.0257535950496817
-0.0290175779139644,0.0278366299756054,0.0250529669780449
-0.0288278198369727,0.0270524995537573,0.0243472495983817
-0.0286350173142143,0.0262628857023858,0.0236365971321473
-0.028439221752841,0.0254679597786636,0.0229211638007973
-0.0282404845600047,0.0246678931397632,0.0222011038257869
-0.0280388571428571,0.0238628571428571,0.0214765714285715
-0.02783439090855,0.023053023145118,0.0207477208306063
-0.0276271372642351,0.0222385625037186,0.0200147062533469
-0.0274171476170643,0.0214196465758315,0.0192776819182484
-0.0272044733741893,0.0205964467186291,0.0185368020467662
-0.0269891659427619,0.0197691342892842,0.0177922208603558
-0.0267712767299339,0.0189378806449693,0.0170440925804724
-0.0265508571428571,0.0181028571428571,0.0162925714285714
-0.0263279585886833,0.0172642351401202,0.0155378116261082
-0.0261026324745641,0.016422185993931,0.014779967394538
-0.0258749302076515,0.0155768810614624,0.0140191929553162
-0.0256449031950973,0.0147284916998869,0.0132556425298983
-0.025412602844053,0.0138771892663771,0.0124894703397394
-0.0251780805616707,0.0130231451181055,0.011720830606295
-0.024941387755102,0.0121665306122448,0.0109498775510204
-0.0247025758314987,0.0113075171059677,0.010176765395371
-0.0244616961980127,0.0104462759564467,0.00940164836080207
-0.0242188002617957,0.00958297852085438,0.008624680668769
-0.0239739394299994,0.00871779615636336,0.00784601654072705
-0.0237271651097757,0.00785090022014635,0.00706581019813174
-0.0234785287082763,0.00698246206937582,0.00628421586243834
-0.023228081632653,0.00611265306122447,0.00550138775510209
-0.0229758752900577,0.00524164455286477,0.0047174800975784
-0.022721961087642,0.00436960790146955,0.00393264711132268
-0.0224663904325578,0.00349671446421129,0.00314704301779021
-0.0222092147319569,0.00262313559826263,0.00236082203843637
-0.021950485392991,0.00174904266079605,0.0015741383947165
-0.0216902538228119,0.000874607008984287,0.000787146308085917
-0.0214285714285714,-4.85722573273506e-17,0
-0.0211654896174213,-0.000874607008984398,-0.0007871463080859
-0.0209010597965133,-0.00174904266079616,-0.00157413839471649
-0.0206353333729993,-0.00262313559826271,-0.00236082203843636
-0.020368361754031,-0.00349671446421137,-0.00314704301779019
-0.0201001963467602,-0.00436960790146966,-0.00393264711132261
-0.0198308885583387,-0.00524164455286498,-0.00471748009757843
-0.0195604897959183,-0.00611265306122458,-0.00550138775510206
-0.0192890514666507,-0.00698246206937594,-0.00628421586243826
-0.0190166249776878,-0.00785090022014641,-0.00706581019813166
-0.0187432617361813,-0.00871779615636355,-0.00784601654072709
-0.018469013149283,-0.00958297852085447,-0.00862468066876899
-0.0181939306241446,-0.0104462759564468,-0.00940164836080202
-0.0179180655679181,-0.0113075171059678,-0.0101767653953709
-0.0176414693877551,-0.012166530612245,-0.0109498775510204
-0.0173641934908073,-0.0130231451181056,-0.011720830606295
-0.0170862892842267,-0.0138771892663772,-0.0124894703397394
-0.0168078081751651,-0.014728491699887,-0.0132556425298982
-0.016528801570774,-0.0155768810614625,-0.0140191929553162
-0.0162493208782055,-0.0164221859939312,-0.014779967394538
-0.0159694175046111,-0.0172642351401203,-0.0155378116261081
-0.0156891428571428,-0.0181028571428572,-0.0162925714285714
-0.0154085483429523,-0.0189378806449694,-0.0170440925804724
-0.0151276853691913,-0.0197691342892843,-0.0177922208603558
-0.0148466053430118,-0.0205964467186292,-0.0185368020467662
-0.0145653596715654,-0.0214196465758316,-0.0192776819182484
-0.0142839997620039,-0.0222385625037188,-0.0200147062533468
-0.0140025770214791,-0.0230530231451183,-0.0207477208306063
-0.0137211428571428,-0.0238628571428572,-0.0214765714285715
-0.0134397486761468,-0.0246678931397633,-0.0222011038257869
-0.0131584458856428,-0.0254679597786637,-0.0229211638007973
-0.0128772858927827,-0.026262885702386,-0.0236365971321473
-0.0125963201047182,-0.0270524995537574,-0.0243472495983816
-0.0123155999286011,-0.0278366299756055,-0.0250529669780448
-0.0120351767715832,-0.0286151056107575,-0.0257535950496816
-0.0117551020408163,-0.0293877551020409,-0.0264489795918368
-0.011475427143452,-0.030154407092283,-0.0271389663830547
-0.0111962034866424,-0.0309148902243114,-0.0278234012018801
-0.010917482477539,-0.0316690331409533,-0.0285021298268578
-0.0106393155232938,-0.0324166644850362,-0.0291749980365324
-0.0103617540310584,-0.0331576128993873,-0.0298418516094484
-0.0100848494079847,-0.0338917070268341,-0.0305025363241506
-0.00980865306122443,-0.0346187755102041,-0.0311568979591836
-0.00953321639792934,-0.0353386469923247,-0.0318047822930921
-0.00925859082525126,-0.0360511501160232,-0.0324460351044207
-0.00898482775034204,-0.036756113524127,-0.0330805021717142
-0.00871197858035333,-0.0374533658594634,-0.033708029273517
-0.00844009472243703,-0.0381427357648599,-0.0343284621883738
-0.00816922758374479,-0.038824051883144,-0.0349416466948295
-0.00789942857142847,-0.039497142857143,-0.0355474285714285
-0.00763074909263988,-0.0401618373296841,-0.0361456535967157
-0.00736324055453078,-0.040817963943595,-0.0367361675492354
-0.00709695436425288,-0.041465351341703,-0.0373188162075326
-0.00683194192895807,-0.0421038281668353,-0.0378934453501517
-0.00656825465579809,-0.0427332230618196,-0.0384599007556375
-0.00630594395192472,-0.0433533646694831,-0.0390180282025346
-0.00604506122448968,-0.0439640816326531,-0.0395676734693878
-0.00578565788064489,-0.0445652025941573,-0.0401086823347415
-0.00552778532754199,-0.0451565561968229,-0.0406409005771405
-0.00527149497233286,-0.0457379710834772,-0.0411641739751293
-0.00501683822216923,-0.0463092758969478,-0.0416783483072529
-0.0047638664842029,-0.046870299280062,-0.0421832693520556
-0.00451263116558566,-0.0474208698756472,-0.0426787828880823
-0.0042631836734693,-0.0479608163265307,-0.0431647346938775
-0.00401557541500551,-0.0484899672755401,-0.043640970547986
-0.00376985779734623,-0.0490081513655026,-0.0441073362289522
-0.00352608222764313,-0.0495151972392456,-0.044563677515321
-0.00328430011304803,-0.0500109335395967,-0.045009840185637
-0.00304456286071271,-0.0504951889093831,-0.0454456700184447
-0.00280692187778892,-0.0509677919914322,-0.045871012792289
-0.00257142857142848,-0.0514285714285715,-0.0462857142857143
-0.00233813434878316,-0.0518773558636284,-0.0466896202772655
-0.00210709061700471,-0.05231397393943,-0.0470825765454869
-0.00187834878324495,-0.0527382542988042,-0.0474644288689237
-0.00165196025465567,-0.053150025584578,-0.04783502302612
-0.00142797643838864,-0.0535491164395788,-0.0481942047956208
-0.00120644874159565,-0.0539353555066342,-0.0485418199559707
-0.000987428571428442,-0.0543085714285716,-0.0488777142857142
-0.000770967335038834,-0.0546685928482181,-0.0492017335633962
-0.000557116439578609,-0.0550152484084014,-0.0495137235675611
-0.000345927292199549,-0.0553483667519487,-0.0498135300767538
-0.000137451300053399,-0.0556677765216875,-0.0501009988695186
6.82601297079855e-05,-0.0559733063604451,-0.0503759757244005
0.000271155589932895,-0.0562647849110491,-0.050638306419944
0.000471183673469512,-0.0565420408163266,-0.0508878367346939
0.000668292973166054,-0.0568049027191053,-0.0511244124471946
0.000862432081870776,-0.0570531992622123,-0.0513478793359909
0.00105354959243186,-0.0572867590884752,-0.0515580831796275
0.00124159409769752,-0.0575054108407212,-0.0517548697566489
0.00142651419051598,-0.0577089831617779,-0.0519380848456
0.00160825846373549,-0.0578973046944727,-0.0521075742250253
0.00178677551020423,-0.0580702040816328,-0.0522631836734694
0.00196201392277039,-0.0582275099660857,-0.052404758969477
0.00213392229428229,-0.0583690509906588,-0.0525321458915928
0.00230244921758804,-0.0584946557981795,-0.0526451902183614
0.00246754328553593,-0.0586041530314751,-0.0527437377283274
0.00262915309097415,-0.0586973713333731,-0.0528276342000357
0.00278722722675091,-0.0587741393467009,-0.0528967254120307
0.00294171428571446,-0.0588342857142858,-0.0529508571428571
0.00309256286071295,-0.0588776390789553,-0.0529898751710597
0.00323972154459468,-0.0589040280835368,-0.0530136252751829
0.00338313893020777,-0.0589132813708575,-0.0530219532337716
0.00352276361040058,-0.058905227583745,-0.0530147048253703
0.0036585441780212,-0.0588796953650266,-0.0529917258285238
0.00379042922591792,-0.0588365133575298,-0.0529528620217766
0.00391836734693893,-0.0587755102040818,-0.0528979591836734
0.00404230713393244,-0.0586965145475101,-0.0528268630927589
0.00416219717974671,-0.0585993550306421,-0.0527394195275777
0.00427798607722988,-0.0584838602963052,-0.0526354742666746
0.00438962241923024,-0.0583498589873268,-0.052514873088594
0.00449705479859598,-0.0581971797465343,-0.0523774617718807
0.00460023180817535,-0.058025651216755,-0.0522230860950793
0.00469910204081649,-0.0578351020408164,-0.0520515918367347
0.0047936140893677,-0.057625360861546,-0.0518628247753911
0.00488371654667716,-0.0573962563217709,-0.0516566306895936
0.00496935800559308,-0.0571476170643186,-0.0514328553578866
0.00505048705896372,-0.0568792717320166,-0.0511913445588147
0.00512705229963723,-0.0565910489676921,-0.0509319440709229
0.00519900232046185,-0.0562827774141728,-0.0506544996727553
0.00526628571428589,-0.0559542857142859,-0.0503588571428571
0.00532885107395744,-0.0556054025108587,-0.0500448622597726
0.0053866469923248,-0.0552359564467187,-0.0497123608020467
0.00543962206223616,-0.0548457761646935,-0.0493611985482239
0.00548772487653973,-0.0544346903076101,-0.0489912212768489
0.00553090402808372,-0.054002527518296,-0.0486022747664663
0.00556910810971639,-0.0535491164395789,-0.0481942047956208
0.00560228571428589,-0.0530742857142859,-0.0477668571428572
0.00563038543464051,-0.0525778639852443,-0.0473200775867198
0.00565335586362847,-0.0520596798952818,-0.0468537119057535
0.0056711455940979,-0.0515195620872257,-0.046367605878503
0.00568370321889711,-0.0509573392039032,-0.0458616052835128
0.00569097733087427,-0.050372839888142,-0.0453355558993276
0.0056929165228776,-0.0497658927827693,-0.044789303504492
0.00568946938775531,-0.0491363265306125,-0.044222693877551
0.00568058451835564,-0.0484839697744989,-0.0436355727970488
0.00566621050752683,-0.0478086511572561,-0.0430277860415303
0.00564629594811706,-0.0471101993217114,-0.0423991793895401
0.00562078943297455,-0.0463884429106921,-0.0417495986196227
0.00558963955494752,-0.0456432105670258,-0.0410788895103231
0.00555279490688424,-0.0448743309335397,-0.0403868978401855
0.00551020408163286,-0.0440816326530613,-0.039673469387755
0.00546181567204161,-0.0432649443684181,-0.0389384499315761
0.00540757827095876,-0.0424240947224373,-0.0381816852501933
0.00534744047123243,-0.0415589123579462,-0.0374030211221514
0.00528135086571093,-0.0406692259177725,-0.036602303325995
0.00520925804724244,-0.0397548640447434,-0.035779377640269
0.00513111060867516,-0.0388156553816863,-0.0349340898435175
0.00504685714285737,-0.0378514285714288,-0.0340662857142858
0.00495644624263724,-0.0368620122567979,-0.0331758110311178
0.00485982650086299,-0.0358472350806214,-0.032262511572559
0.00475694651038278,-0.0348069256857263,-0.0313262331171535
0.00464775486404497,-0.0337409127149404,-0.0303668214434462
0.00453220015469765,-0.0326490248110908,-0.0293841223299815
0.00441023097518912,-0.031531090617005,-0.0283779815553042
0.00428179591836756,-0.0303869387755103,-0.0273482448979592
0.00414684357708122,-0.0292163979294344,-0.0262947581364907
0.00400532254417824,-0.0280192967216041,-0.0252173670494436
0.00385718141250693,-0.0267954637948475,-0.0241159174153626
0.00370236877491545,-0.0255447277919916,-0.0229902550127923
0.00354083322425203,-0.0242669173558638,-0.0218402256202771
0.00337252335336493,-0.0229618611292914,-0.0206656750163621
0.00319738775510227,-0.0216293877551022,-0.0194664489795918
0.00301537502231237,-0.0202693258761233,-0.0182423932885106
0.00282643374784344,-0.0188815041351819,-0.0169933537216636
0.00263051252454361,-0.0174657511751057,-0.015719176057595
0.00242755994526119,-0.0160218956387222,-0.0144197060748497
0.0022175246028443,-0.0145497661688583,-0.0130947895519724
0.00200035509014126,-0.013049191408342,-0.0117442722675076
0.00177600000000024,-0.0115200000000003,-0.010368
0.00154440792526945,-0.00996202058666042,-0.00896581852799418
0.00130552745879716,-0.00837508181115027,-0.00753757363003509
0.00105930719343155,-0.00675901231629702,-0.00608311108466697
0.000805695722020866,-0.00511364074492787,-0.00460227667043493
0.000544641637413245,-0.00343879573987041,-0.00309491616588326
0.000276093532456997,-0.00173430594395211,-0.0015608753495566
0,0,0
-0.000276093532456708,-0.00173430594395189,0
-0.000544641637412994,-0.00343879573987037,0
-0.000805695722020592,-0.00511364074492775,0
-0.00105930719343131,-0.00675901231629679,0
-0.00130552745879692,-0.00837508181115009,0
-0.00154440792526924,-0.0099620205866604,0
-0.001776,-0.01152,0
-0.00200035509014101,-0.0130491914083418,0
-0.00221752460284405,-0.0145497661688582,0
-0.00242755994526091,-0.016021895638722,0
-0.00263051252454335,-0.0174657511751057,0
-0.00282643374784316,-0.0188815041351818,0
-0.00301537502231213,-0.020269325876123,0
-0.00319738775510205,-0.0216293877551021,0
-0.00337252335336467,-0.0229618611292914,0
-0.0035408332242518,-0.0242669173558636,0
-0.00370236877491521,-0.0255447277919914,0
-0.00385718141250668,-0.0267954637948473,0
-0.00400532254417802,-0.0280192967216041,0
-0.00414684357708098,-0.0292163979294342,0
-0.00428179591836734,-0.0303869387755102,0
-0.0044102309751889,-0.0315310906170048,0
-0.00453220015469745,-0.0326490248110907,0
-0.00464775486404474,-0.0337409127149402,0
-0.00475694651038257,-0.0348069256857262,0
-0.00485982650086273,-0.0358472350806211,0
-0.00495644624263699,-0.0368620122567978,0
-0.00504685714285714,-0.0378514285714286,0
-0.00513111060867495,-0.0388156553816862,0
-0.00520925804724221,-0.0397548640447432,0
-0.00528135086571071,-0.0406692259177724,0
-0.00534744047123222,-0.0415589123579461,0
-0.00540757827095852,-0.0424240947224371,0
-0.0054618156720414,-0.0432649443684179,0
-0.00551020408163265,-0.0440816326530613,0
-0.00555279490688403,-0.0448743309335396,0
-0.00558963955494734,-0.0456432105670256,0
-0.00562078943297435,-0.046388442910692,0
-0.00564629594811685,-0.0471101993217112,0
-0.00566621050752662,-0.0478086511572559,0
-0.00568058451835544,-0.0484839697744987,0
-0.00568946938775509,-0.0491363265306122,0
-0.00569291652287737,-0.0497658927827691,0
-0.00569097733087403,-0.0503728398881419,0
-0.00568370321889688,-0.0509573392039031,0
-0.00567114559409769,-0.0515195620872256,0
-0.00565335586362824,-0.0520596798952817,0
-0.00563038543464032,-0.0525778639852442,0
-0.00560228571428571,-0.0530742857142857,0
-0.00556910810971618,-0.0535491164395787,0
-0.00553090402808353,-0.0540025275182959,0
-0.00548772487653953,-0.0544346903076099,0
-0.00543962206223597,-0.0548457761646932,0
-0.00538664699232462,-0.0552359564467187,0
-0.00532885107395727,-0.0556054025108586,0
-0.00526628571428571,-0.0559542857142857,0
-0.00519900232046171,-0.0562827774141727,0
-0.00512705229963705,-0.056591048967692,0
-0.00505048705896352,-0.0568792717320164,0
-0.00496935800559291,-0.0571476170643184,0
-0.00488371654667698,-0.0573962563217707,0
-0.00479361408936751,-0.0576253608615458,0
-0.00469910204081631,-0.0578351020408163,0
-0.00460023180817515,-0.0580256512167549,0
-0.00449705479859581,-0.0581971797465342,0
-0.00438962241923008,-0.0583498589873267,0
-0.00427798607722972,-0.0584838602963051,0
-0.00416219717974653,-0.058599355030642,0
-0.00404230713393229,-0.05869651454751,0
-0.00391836734693878,-0.0587755102040816,0
-0.00379042922591776,-0.0588365133575296,0
-0.00365854417802105,-0.0588796953650265,0
-0.00352276361040042,-0.0589052275837449,0
-0.00338313893020765,-0.0589132813708574,0
-0.00323972154459451,-0.0589040280835366,0
-0.0030925628607128,-0.0588776390789552,0
-0.00294171428571429,-0.0588342857142857,0
-0.00278722722675077,-0.0587741393467008,0
-0.00262915309097398,-0.058697371333373,0
-0.00246754328553578,-0.058604153031475,0
-0.0023024492175879,-0.0584946557981793,0
-0.00213392229428214,-0.0583690509906586,0
-0.00196201392277027,-0.0582275099660855,0
-0.00178677551020408,-0.0580702040816326,0
-0.00160825846373536,-0.0578973046944725,0
-0.00142651419051587,-0.0577089831617778,0
-0.00124159409769737,-0.0575054108407211,0
-0.00105354959243171,-0.057286759088475,0
-0.000862432081870641,-0.0570531992622122,0
-0.000668292973165939,-0.0568049027191051,0
-0.000471183673469388,-0.0565420408163265,0
-0.00027115558993277,-0.0562647849110489,0
-6.82601297078682e-05,-0.055973306360445,0
0.000137451300053537,-0.0556677765216874,0
0.000345927292199663,-0.0553483667519486,0
0.000557116439578761,-0.0550152484084012,0
0.00077096733503898,-0.054668592848218,0
0.000987428571428574,-0.0543085714285714,0
0.00120644874159576,-0.0539353555066341,0
0.00142797643838876,-0.0535491164395787,0
0.00165196025465579,-0.0531500255845778,0
0.00187834878324506,-0.0527382542988041,0
0.0021070906170048,-0.05231397393943,0
0.00233813434878326,-0.0518773558636282,0
0.00257142857142858,-0.0514285714285714,0
0.00280692187778902,-0.0509677919914321,0
0.00304456286071279,-0.050495188909383,0
0.00328430011304813,-0.0500109335395966,0
0.00352608222764323,-0.0495151972392456,0
0.00376985779734632,-0.0490081513655025,0
0.00401557541500562,-0.04848996727554,0
0.0042631836734694,-0.0479608163265305,0
0.00451263116558578,-0.047420869875647,0
0.00476386648420301,-0.0468702992800618,0
0.00501683822216933,-0.0463092758969477,0
0.00527149497233295,-0.0457379710834771,0
0.00552778532754208,-0.0451565561968227,0
0.00578565788064495,-0.0445652025941572,0
0.00604506122448977,-0.0439640816326531,0
0.00630594395192481,-0.0433533646694829,0
0.00656825465579819,-0.0427332230618194,0
0.00683194192895817,-0.0421038281668352,0
0.00709695436425299,-0.0414653513417028,0
0.00736324055453084,-0.0408179639435949,0
0.00763074909263995,-0.040161837329684,0
0.00789942857142855,-0.0394971428571428,0
0.00816922758374483,-0.038824051883144,0
0.00844009472243704,-0.0381427357648599,0
0.00871197858035343,-0.0374533658594632,0
0.00898482775034212,-0.0367561135241268,0
0.00925859082525137,-0.036051150116023,0
0.00953321639792942,-0.0353386469923246,0
0.00980865306122446,-0.034618775510204,0
0.0100848494079847,-0.0338917070268341,0
0.0103617540310584,-0.0331576128993872,0
0.0106393155232938,-0.032416664485036,0
0.0109174824775391,-0.0316690331409531,0
0.0111962034866425,-0.0309148902243112,0
0.0114754271434521,-0.0301544070922829,0
0.0117551020408163,-0.0293877551020408,0
0.0120351767715832,-0.0286151056107574,0
0.0123155999286011,-0.0278366299756054,0
0.0125963201047182,-0.0270524995537573,0
0.0128772858927827,-0.0262628857023859,0
0.0131584458856429,-0.0254679597786635,0
0.0134397486761468,-0.0246678931397631,0
0.0137211428571428,-0.0238628571428571,0
0.0140025770214791,-0.023053023145118,0
0.0142839997620039,-0.0222385625037186,0
0.0145653596715654,-0.0214196465758315,0
0.0148466053430118,-0.0205964467186291,0
0.0151276853691914,-0.0197691342892842,0
0.0154085483429523,-0.0189378806449694,0
0.0156891428571428,-0.018102857142857,0
0.0159694175046112,-0.0172642351401201,0
0.0162493208782055,-0.016422185993931,0
0.016528801570774,-0.0155768810614624,0
0.0168078081751651,-0.0147284916998869,0
0.0170862892842268,-0.0138771892663771,0
0.0173641934908073,-0.0130231451181055,0
0.017641469387755,-0.0121665306122449,0
0.0179180655679181,-0.0113075171059676,0
0.0181939306241447,-0.0104462759564466,0
0.018469013149283,-0.00958297852085429,0
0.0187432617361813,-0.00871779615636336,0
0.0190166249776878,-0.00785090022014635,0
0.0192890514666507,-0.00698246206937582,0
0.0195604897959183,-0.00611265306122447,0
0.0198308885583387,-0.00524164455286486,0
0.0201001963467602,-0.00436960790146946,0
0.020368361754031,-0.00349671446421124,0
0.0206353333729993,-0.00262313559826249,0
0.0209010597965133,-0.00174904266079605,0
0.0211654896174213,-0.000874607008984287,0
0.0214285714285714,4.85722573273506e-17,0
0.0216902538228119,0.000874607008984398,0
0.0219504853929909,0.00174904266079611,0
0.0222092147319568,0.00262313559826261,0
0.0224663904325578,0.00349671446421142,0
0.022721961087642,0.00436960790146971,0
0.0229758752900577,0.00524164455286498,0
0.023228081632653,0.00611265306122458,0
0.0234785287082762,0.00698246206937594,0
0.0237271651097756,0.00785090022014641,0
0.0239739394299993,0.00871779615636344,0
0.0242188002617956,0.00958297852085442,0
0.0244616961980127,0.0104462759564469,0
0.0247025758314987,0.0113075171059679,0
0.024941387755102,0.012166530612245,0
0.0251780805616707,0.0130231451181056,0
0.025412602844053,0.0138771892663772,0
0.0256449031950972,0.014728491699887,0
0.0258749302076515,0.0155768810614625,0
0.0261026324745641,0.0164221859939311,0
0.0263279585886832,0.0172642351401203,0
0.0265508571428571,0.0181028571428573,0
0.0267712767299339,0.0189378806449695,0
0.0269891659427619,0.0197691342892843,0
0.0272044733741892,0.0205964467186292,0
0.0274171476170642,0.0214196465758316,0
0.0276271372642351,0.0222385625037188,0
0.0278343909085499,0.0230530231451182,0
0.028038857142857,0.0238628571428572,0
0.0282404845600047,0.0246678931397633,0
0.028439221752841,0.0254679597786638,0
0.0286350173142142,0.026262885702386,0
0.0288278198369726,0.0270524995537574,0
0.0290175779139643,0.0278366299756055,0
0.0292042401380376,0.0286151056107575,0
0.0293877551020407,0.0293877551020408,0
0.0295680713988218,0.0301544070922829,0
0.0297451376212292,0.0309148902243114,0
0.0299189023621109,0.0316690331409533,0
0.0300893142143154,0.0324166644850362,0
0.0302563217706907,0.0331576128993873,0
0.0304198736240851,0.0338917070268341,0
0.0305799183673468,0.0346187755102041,0
0.0307364045933241,0.0353386469923247,0
0.0308892808948651,0.0360511501160232,0
0.0310384958648181,0.036756113524127,0
0.0311839980960313,0.0374533658594635,0
0.0313257361813529,0.03814273576486,0
0.0314636587136311,0.038824051883144,0
0.0315977142857142,0.039497142857143,0
0.0317278514904503,0.0401618373296841,0
0.0318540189206877,0.040817963943595,0
0.0319761651692746,0.0414653513417029,0
0.0320942388290592,0.0421038281668352,0
0.0322081884928898,0.0427332230618196,0
0.0323179627536145,0.0433533646694831,0
0.0324235102040815,0.0439640816326531,0
0.0325247794371392,0.0445652025941573,0
0.0326217190456356,0.0451565561968229,0
0.0327142776224191,0.0457379710834772,0
0.0328024037603378,0.0463092758969477,0
0.03288604605224,0.0468702992800619,0
0.0329651530909739,0.0474208698756472,0
0.0330396734693876,0.0479608163265307,0
0.0331095557803295,0.0484899672755401,0
0.0331747486166477,0.0490081513655026,0
0.0332352005711904,0.0495151972392456,0
0.0332908602368059,0.0500109335395967,0
0.0333416762063425,0.0504951889093831,0
0.0333875970726481,0.0509677919914322,0
0.0334285714285713,0.0514285714285716,0
0.0334645478669601,0.0518773558636284,0
0.0334954749806627,0.0523139739394302,0
0.0335213013625274,0.0527382542988042,0
0.0335419756054024,0.053150025584578,0
0.0335574463021358,0.0535491164395788,0
0.0335676620455761,0.0539353555066342,0
0.0335725714285713,0.0543085714285715,0
0.0335721230439696,0.054668592848218,0
0.0335662654846193,0.0550152484084014,0
0.0335549473433687,0.0553483667519487,0
0.0335381172130658,0.0556677765216875,0
0.033515723686559,0.0559733063604451,0
0.0334877153566964,0.0562647849110491,0
0.0334540408163264,0.0565420408163266,0
0.033414648658297,0.0568049027191052,0
0.0333694874754565,0.0570531992622122,0
0.0333185058606531,0.0572867590884752,0
0.0332616524067351,0.0575054108407213,0
0.0331988757065506,0.0577089831617779,0
0.033130124352948,0.0578973046944727,0
0.0330553469387753,0.0580702040816328,0
0.0329744920568809,0.0582275099660857,0
0.0328875083001129,0.0583690509906588,0
0.0327943442613195,0.0584946557981795,0
0.032694948533349,0.0586041530314751,0
0.0325892697090496,0.0586973713333731,0
0.0324772563812695,0.0587741393467009,0
0.0323588571428569,0.0588342857142858,0
0.0322340205866601,0.0588776390789553,0
0.0321026953055273,0.0589040280835368,0
0.0319648298923066,0.0589132813708575,0
0.0318203729398463,0.058905227583745,0
0.0316692730409946,0.0588796953650267,0
0.0315114787885998,0.0588365133575298,0
0.03134693877551,0.0587755102040817,0
0.0311756015945735,0.0586965145475101,0
0.0309974158386384,0.0585993550306421,0
0.0308123301005531,0.0584838602963052,0
0.0306202929731657,0.0583498589873268,0
0.0304212530493245,0.0581971797465344,0
0.0302151589218776,0.058025651216755,0
0.0300019591836732,0.0578351020408164,0
0.0297816024275597,0.0576253608615459,0
0.0295540372463852,0.0573962563217709,0
0.0293192122329979,0.0571476170643186,0
0.0290770759802461,0.0568792717320166,0
0.0288275770809779,0.0565910489676921,0
0.0285706641280417,0.0562827774141728,0
0.0283062857142855,0.0559542857142859,0
0.0280343904325576,0.0556054025108587,0
0.0277549268757063,0.0552359564467187,0
0.0274678436365797,0.0548457761646934,0
0.0271730893080262,0.0544346903076101,0
0.0268706124828938,0.054002527518296,0
0.0265603617540308,0.0535491164395789,0
0.0262422857142855,0.0530742857142859,0
0.025916332956506,0.0525778639852444,0
0.0255824520735406,0.0520596798952819,0
0.0252405916582374,0.0515195620872256,0
0.0248907003034447,0.0509573392039033,0
0.0245327266020108,0.050372839888142,0
0.0241666191467838,0.0497658927827693,0
0.023792326530612,0.0491363265306125,0
0.0234097973463435,0.0484839697744989,0
0.0230189801868266,0.0478086511572561,0
0.0226198236449096,0.0471101993217113,0
0.0222122763134405,0.046388442910692,0
0.0217962867852677,0.0456432105670257,0
0.0213718036532394,0.0448743309335397,0
0.0209387755102038,0.0440816326530613,0
0.0204971509490091,0.0432649443684181,0
0.0200468785625035,0.0424240947224373,0
0.0195879069435352,0.0415589123579462,0
0.0191201846849524,0.0406692259177726,0
0.0186436603796034,0.0397548640447433,0
0.0181582826203364,0.0388156553816863,0
0.0176639999999997,0.0378514285714286,0
0.0171607611114413,0.0368620122567979,0
0.0166485145475097,0.0358472350806214,0
0.0161272089010528,0.0348069256857263,0
0.0155967927649191,0.0337409127149404,0
0.0150572147319566,0.032649024811091,0
0.0145084233950137,0.031531090617005,0
0.0139503673469384,0.0303869387755103,0
0.0133829951805792,0.0292163979294343,0
0.0128062554887841,0.0280192967216041,0
0.0122200968644014,0.0267954637948475,0
0.0116244679002793,0.0255447277919916,0
0.0110193171892661,0.0242669173558638,0
0.0104045933242099,0.0229618611292916,0
0.00978024489795891,0.0216293877551024,0
0.00914622050336129,0.0202693258761231,0
0.00850246873326551,0.0188815041351818,0
0.00784893818051964,0.0174657511751057,0
0.00718557743797191,0.0160218956387222,0
0.00651233509847052,0.0145497661688583,0
0.00582915975486371,0.013049191408342,0
0.00513599999999968,0.0115200000000003,0
0.00443280442672664,0.00996202058666051,0
0.00371952162789273,0.00837508181115008,0
0.00299610019634637,0.00675901231629683,0
0.00226248872493565,0.00511364074492788,0
0.00151863580650883,0.00343879573987041,0
0.000764490033914088,0.00173430594395211,0
0,0,0
0.000764490033914424,0.000346861188790378,0.00173430594395189
0.00151863580650916,0.000687759147974044,0.00343879573987022
0.00226248872493599,0.00102272814898552,0.0051136407449276
0.00299610019634683,0.00135180246325939,0.00675901231629693
0.00371952162789319,0.00167501636223005,0.00837508181115023
0.004432804426727,0.00199240411733208,0.0099620205866604
0.00513600000000002,0.00230400000000001,0.01152
0.00582915975486405,0.00260983828166835,0.0130491914083418
0.00651233509847087,0.00290995323377164,0.0145497661688582
0.00718557743797225,0.00320437912774438,0.0160218956387219
0.00784893818051999,0.00349315023502111,0.0174657511751055
0.00850246873326597,0.00377630082703638,0.0188815041351819
0.00914622050336175,0.00405386517522463,0.0202693258761232
0.00978024489795922,0.00432587755102042,0.0216293877551021
0.0104045933242102,0.00459237222585828,0.0229618611292914
0.0110193171892664,0.00485338347117273,0.0242669173558636
0.0116244679002796,0.00510894555839828,0.0255447277919914
0.0122200968644017,0.00535909275896947,0.0267954637948473
0.0128062554887844,0.00560385934432081,0.028019296721604
0.0133829951805796,0.00584327958588686,0.0292163979294343
0.0139503673469388,0.00607738775510206,0.0303869387755103
0.014508423395014,0.00630621812340098,0.0315310906170049
0.0150572147319569,0.00652980496221813,0.0326490248110907
0.0155967927649194,0.00674818254298805,0.0337409127149402
0.0161272089010531,0.00696138513714524,0.0348069256857262
0.01664851454751,0.00716944701612423,0.0358472350806211
0.0171607611114416,0.00737240245135954,0.0368620122567977
0.017664,0.0075702857142857,0.0378514285714285
0.0181582826203368,0.00776313107633726,0.0388156553816863
0.0186436603796038,0.00795097280894867,0.0397548640447433
0.0191201846849527,0.00813384518355448,0.0406692259177724
0.0195879069435354,0.00831178247158922,0.0415589123579461
0.0200468785625037,0.00848481894448742,0.0424240947224371
0.0204971509490093,0.00865298887368358,0.0432649443684179
0.0209387755102041,0.00881632653061224,0.0440816326530612
0.0213718036532397,0.00897486618670791,0.0448743309335395
0.0217962867852681,0.00912864211340514,0.0456432105670257
0.0222122763134409,0.00927768858213841,0.046388442910692
0.0226198236449099,0.00942203986434225,0.0471101993217112
0.0230189801868269,0.00956173023145119,0.0478086511572559
0.0234097973463438,0.00969679395489975,0.0484839697744987
0.0237923265306122,0.00982726530612245,0.0491363265306122
0.0241666191467841,0.00995317855655381,0.0497658927827691
0.024532726602011,0.0100745679776284,0.0503728398881418
0.024890700303445,0.0101914678407806,0.0509573392039032
0.0252405916582377,0.0103039124174451,0.0515195620872256
0.0255824520735408,0.0104119359790564,0.0520596798952818
0.0259163329565062,0.0105155727970489,0.0525778639852442
0.0262422857142857,0.0106148571428571,0.0530742857142857
0.0265603617540311,0.0107098232879158,0.0535491164395787
0.026870612482894,0.0108005055036592,0.0540025275182959
0.0271730893080264,0.010886938061522,0.0544346903076099
0.02746784363658,0.0109691552329387,0.0548457761646932
0.0277549268757066,0.0110471912893437,0.0552359564467187
0.0280343904325579,0.0111210805021717,0.0556054025108586
0.0283062857142857,0.0111908571428571,0.0559542857142857
0.0285706641280419,0.0112565554828345,0.0562827774141727
0.0288275770809782,0.0113182097935384,0.056591048967692
0.0290770759802463,0.0113758543464033,0.0568792717320164
0.0293192122329981,0.0114295234128637,0.0571476170643184
0.0295540372463854,0.0114792512643541,0.0573962563217707
0.02978160242756,0.0115250721723092,0.0576253608615458
0.0300019591836735,0.0115670204081633,0.0578351020408163
0.0302151589218778,0.011605130243351,0.0580256512167549
0.0304212530493247,0.0116394359493068,0.0581971797465342
0.0306202929731659,0.0116699717974653,0.0583498589873267
0.0308123301005533,0.011696772059261,0.0584838602963051
0.0309974158386387,0.0117198710061284,0.058599355030642
0.0311756015945737,0.011739302909502,0.05869651454751
0.0313469387755102,0.0117551020408163,0.0587755102040816
0.0315114787886,0.0117673026715059,0.0588365133575296
0.0316692730409948,0.0117759390730053,0.0588796953650265
0.0318203729398465,0.011781045516749,0.0589052275837449
0.0319648298923068,0.0117826562741715,0.0589132813708574
0.0321026953055275,0.0117808056167073,0.0589040280835366
0.0322340205866603,0.011775527815791,0.0588776390789552
0.0323588571428571,0.0117668571428571,0.0588342857142857
0.0324772563812697,0.0117548278693402,0.0587741393467008
0.0325892697090498,0.0117394742666746,0.058697371333373
0.0326949485333492,0.011720830606295,0.058604153031475
0.0327943442613197,0.0116989311596359,0.0584946557981793
0.032887508300113,0.0116738101981317,0.0583690509906586
0.0329744920568811,0.0116455019932171,0.0582275099660855
0.0330553469387755,0.0116140408163265,0.0580702040816326
0.0331301243529482,0.0115794609388945,0.0578973046944725
0.0331988757065508,0.0115417966323556,0.0577089831617778
0.0332616524067353,0.0115010821681442,0.0575054108407211
0.0333185058606533,0.011457351817695,0.0572867590884751
0.0333694874754567,0.0114106398524424,0.0570531992622122
0.0334146486582971,0.011360980543821,0.0568049027191051
0.0334540408163265,0.0113084081632653,0.0565420408163265
0.0334877153566966,0.0112529569822098,0.0562647849110489
0.0335157236865592,0.011194661272089,0.055973306360445
0.033538117213066,0.0111335553043375,0.0556677765216874
0.0335549473433688,0.0110696733503897,0.0553483667519486
0.0335662654846195,0.0110030496816803,0.0550152484084013
0.0335721230439698,0.0109337185696436,0.054668592848218
0.0335725714285714,0.0108617142857143,0.0543085714285714
0.0335676620455762,0.0107870711013268,0.0539353555066341
0.033557446302136,0.0107098232879157,0.0535491164395787
0.0335419756054025,0.0106300051169156,0.0531500255845778
0.0335213013625275,0.0105476508597608,0.0527382542988041
0.0334954749806628,0.010462794787886,0.05231397393943
0.0334645478669602,0.0103754711727257,0.0518773558636283
0.0334285714285714,0.0102857142857143,0.0514285714285715
0.0333875970726483,0.0101935583982864,0.0509677919914321
0.0333416762063426,0.0100990377818766,0.050495188909383
0.0332908602368061,0.0100021867079193,0.0500109335395966
0.0332352005711906,0.00990303944784911,0.0495151972392456
0.0331747486166478,0.00980163027310049,0.0490081513655025
0.0331095557803296,0.009697993455108,0.04848996727554
0.0330396734693877,0.00959216326530613,0.0479608163265306
0.032965153090974,0.00948417397512942,0.0474208698756471
0.0328860460522401,0.00937405985601237,0.0468702992800618
0.0328024037603379,0.00926185517938953,0.0463092758969477
0.0327142776224192,0.00914759421669542,0.0457379710834771
0.0326217190456357,0.00903131123936455,0.0451565561968227
0.0325247794371393,0.00891304051883145,0.0445652025941572
0.0324235102040816,0.00879281632653062,0.0439640816326531
0.0323179627536146,0.0086706729338966,0.043353364669483
0.0322081884928899,0.00854664461236391,0.0427332230618195
0.0320942388290593,0.00842076563336704,0.0421038281668352
0.0319761651692747,0.00829307026834057,0.0414653513417028
0.0318540189206878,0.00816359278871898,0.0408179639435949
0.0317278514904504,0.00803236746593681,0.040161837329684
0.0315977142857143,0.00789942857142857,0.0394971428571428
0.0314636587136312,0.00776481037662879,0.038824051883144
0.031325736181353,0.00762854715297198,0.0381427357648599
0.0311839980960314,0.00749067317189268,0.0374533658594634
0.0310384958648182,0.00735122270482539,0.0367561135241269
0.0308892808948652,0.00721023002320461,0.036051150116023
0.0307364045933242,0.00706772939846492,0.0353386469923246
0.0305799183673469,0.00692375510204081,0.034618775510204
0.0304198736240852,0.00677834140536682,0.0338917070268341
0.0302563217706908,0.00663152257987744,0.0331576128993872
0.0300893142143155,0.00648333289700721,0.032416664485036
0.029918902362111,0.00633380662819065,0.0316690331409532
0.0297451376212292,0.00618297804486227,0.0309148902243113
0.0295680713988219,0.00603088141845659,0.0301544070922829
0.0293877551020408,0.00587755102040816,0.0293877551020408
0.0292042401380377,0.00572302112215148,0.0286151056107574
0.0290175779139644,0.00556732599512108,0.0278366299756054
0.0288278198369727,0.00541049991075147,0.0270524995537573
0.0286350173142143,0.00525257714047719,0.0262628857023859
0.0284392217528411,0.00509359195573275,0.0254679597786637
0.0282404845600047,0.00493357862795265,0.0246678931397632
0.0280388571428571,0.00477257142857142,0.0238628571428571
0.02783439090855,0.00461060462902362,0.023053023145118
0.0276271372642351,0.00444771250074374,0.0222385625037186
0.0274171476170643,0.0042839293151663,0.0214196465758315
0.0272044733741893,0.00411928934372583,0.0205964467186291
0.0269891659427619,0.00395382685785685,0.0197691342892842
0.026771276729934,0.00378757612899388,0.0189378806449694
0.0265508571428571,0.00362057142857144,0.0181028571428572
0.0263279585886833,0.00345284702802406,0.0172642351401202
0.0261026324745641,0.00328443719878621,0.016422185993931
0.0258749302076515,0.00311537621229249,0.0155768810614624
0.0256449031950973,0.00294569833997738,0.0147284916998869
0.025412602844053,0.00277543785327543,0.0138771892663771
0.0251780805616707,0.00260462902362112,0.0130231451181055
0.024941387755102,0.00243330612244898,0.0121665306122449
0.0247025758314988,0.00226150342119357,0.0113075171059678
0.0244616961980127,0.00208925519128935,0.0104462759564468
0.0242188002617956,0.00191659570417087,0.00958297852085429
0.0239739394299994,0.00174355923127267,0.00871779615636336
0.0237271651097757,0.00157018004402927,0.00785090022014635
0.0234785287082763,0.00139649241387517,0.00698246206937582
0.023228081632653,0.00122253061224489,0.00611265306122447
0.0229758752900577,0.00104832891057298,0.00524164455286486
0.022721961087642,0.000873921580293941,0.00436960790146964
0.0224663904325578,0.000699342892842281,0.00349671446421138
0.0222092147319569,0.000524627119652513,0.00262313559826249
0.021950485392991,0.000349808532159215,0.00174904266079605
0.0216902538228119,0.000174921401796874,0.000874607008984287
0.0214285714285714,0,-4.85722573273506e-17
0.0211654896174213,-0.000174921401796863,-0.000874607008984398
0.0209010597965133,-0.000349808532159204,-0.00174904266079611
0.0206353333729993,-0.000524627119652515,-0.00262313559826261
0.020368361754031,-0.000699342892842251,-0.00349671446421132
0.0201001963467602,-0.000873921580293901,-0.0043696079014696
0.0198308885583387,-0.00104832891057298,-0.00524164455286498
0.0195604897959183,-0.0012225306122449,-0.00611265306122458
0.0192890514666507,-0.00139649241387518,-0.00698246206937594
0.0190166249776878,-0.00157018004402928,-0.00785090022014641
0.0187432617361813,-0.00174355923127268,-0.00871779615636344
0.018469013149283,-0.00191659570417088,-0.00958297852085442
0.0181939306241447,-0.00208925519128932,-0.0104462759564467
0.0179180655679181,-0.00226150342119354,-0.0113075171059677
0.017641469387755,-0.00243330612244899,-0.012166530612245
0.0173641934908073,-0.00260462902362112,-0.0130231451181056
0.0170862892842267,-0.00277543785327543,-0.0138771892663772
0.0168078081751651,-0.00294569833997738,-0.014728491699887
0.016528801570774,-0.0031153762122925,-0.0155768810614625
0.0162493208782055,-0.00328443719878621,-0.0164221859939311
0.0159694175046112,-0.00345284702802402,-0.0172642351401202
0.0156891428571428,-0.00362057142857141,-0.0181028571428571
0.0154085483429523,-0.00378757612899389,-0.0189378806449695
0.0151276853691913,-0.00395382685785686,-0.0197691342892843
0.0148466053430118,-0.00411928934372583,-0.0205964467186292
0.0145653596715654,-0.0042839293151663,-0.0214196465758316
0.0142839997620039,-0.00444771250074374,-0.0222385625037188
0.0140025770214791,-0.00461060462902361,-0.0230530231451182
0.0137211428571428,-0.00477257142857142,-0.0238628571428572
0.0134397486761468,-0.00493357862795263,-0.0246678931397632
0.0131584458856428,-0.0050935919557327,-0.0254679597786636
0.0128772858927827,-0.00525257714047719,-0.026262885702386
0.0125963201047182,-0.00541049991075147,-0.0270524995537574
0.0123155999286011,-0.00556732599512109,-0.0278366299756055
0.0120351767715832,-0.00572302112215149,-0.0286151056107575
0.0117551020408163,-0.00587755102040816,-0.0293877551020408
0.0114754271434521,-0.0060308814184566,-0.0301544070922829
0.0111962034866424,-0.00618297804486225,-0.0309148902243113
0.0109174824775391,-0.00633380662819062,-0.0316690331409532
0.0106393155232938,-0.00648333289700719,-0.0324166644850362
0.0103617540310584,-0.00663152257987744,-0.0331576128993873
0.0100848494079847,-0.00677834140536681,-0.0338917070268341
0.00980865306122443,-0.00692375510204081,-0.0346187755102041
0.00953321639792934,-0.00706772939846492,-0.0353386469923247
0.00925859082525132,-0.00721023002320461,-0.0360511501160232
0.00898482775034203,-0.00735122270482536,-0.0367561135241269
0.00871197858035338,-0.00749067317189266,-0.0374533658594633
0.00844009472243694,-0.00762854715297199,-0.03814273576486
0.00816922758374479,-0.0077648103766288,-0.038824051883144
0.00789942857142847,-0.00789942857142858,-0.039497142857143
0.00763074909263988,-0.00803236746593682,-0.0401618373296841
0.00736324055453078,-0.008163592788719,-0.040817963943595
0.00709695436425291,-0.00829307026834057,-0.0414653513417029
0.0068319419289581,-0.00842076563336705,-0.0421038281668352
0.00656825465579811,-0.00854664461236389,-0.0427332230618196
0.00630594395192475,-0.00867067293389657,-0.0433533646694829
0.00604506122448968,-0.00879281632653061,-0.0439640816326531
0.00578565788064489,-0.00891304051883144,-0.0445652025941573
0.00552778532754199,-0.00903131123936455,-0.0451565561968229
0.00527149497233286,-0.00914759421669543,-0.0457379710834772
0.00501683822216926,-0.00926185517938953,-0.0463092758969477
0.00476386648420293,-0.00937405985601238,-0.0468702992800619
0.0045126311655857,-0.0094841739751294,-0.0474208698756471
0.00426318367346933,-0.0095921632653061,-0.0479608163265307
0.00401557541500551,-0.00969799345510798,-0.0484899672755401
0.00376985779734623,-0.0098016302731005,-0.0490081513655026
0.00352608222764313,-0.00990303944784913,-0.0495151972392456
0.00328430011304803,-0.0100021867079193,-0.0500109335395967
0.00304456286071271,-0.0100990377818766,-0.0504951889093831
0.00280692187778892,-0.0101935583982864,-0.0509677919914322
0.00257142857142848,-0.0102857142857143,-0.0514285714285715
0.00233813434878315,-0.0103754711727256,-0.0518773558636284
0.00210709061700471,-0.010462794787886,-0.0523139739394302
0.00187834878324495,-0.0105476508597608,-0.0527382542988042
0.00165196025465567,-0.0106300051169156,-0.053150025584578
0.00142797643838864,-0.0107098232879158,-0.0535491164395788
0.00120644874159565,-0.0107870711013268,-0.0539353555066342
0.000987428571428477,-0.0108617142857143,-0.0543085714285715
0.000770967335038869,-0.0109337185696436,-0.054668592848218
0.000557116439578644,-0.0110030496816802,-0.0550152484084013
0.000345927292199584,-0.0110696733503897,-0.0553483667519487
0.000137451300053399,-0.0111335553043375,-0.0556677765216875
-6.82601297079855e-05,-0.011194661272089,-0.0559733063604451
-0.000271155589932895,-0.0112529569822098,-0.0562647849110491
-0.000471183673469512,-0.0113084081632653,-0.0565420408163266
-0.000668292973166054,-0.011360980543821,-0.0568049027191052
-0.000862432081870739,-0.0114106398524424,-0.0570531992622122
-0.00105354959243182,-0.011457351817695,-0.0572867590884752
-0.00124159409769748,-0.0115010821681442,-0.0575054108407212
-0.00142651419051598,-0.0115417966323556,-0.0577089831617779
-0.00160825846373549,-0.0115794609388945,-0.0578973046944727
-0.00178677551020423,-0.0116140408163265,-0.0580702040816328
-0.00196201392277039,-0.0116455019932171,-0.0582275099660857
-0.00213392229428229,-0.0116738101981317,-0.0583690509906588
-0.00230244921758804,-0.0116989311596359,-0.0584946557981795
-0.00246754328553593,-0.011720830606295,-0.0586041530314751
-0.00262915309097411,-0.0117394742666746,-0.0586973713333731
-0.00278722722675091,-0.0117548278693402,-0.0587741393467009
-0.00294171428571446,-0.0117668571428571,-0.0588342857142858
-0.00309256286071295,-0.011775527815791,-0.0588776390789553
-0.00323972154459468,-0.0117808056167073,-0.0589040280835368
-0.00338313893020777,-0.0117826562741715,-0.0589132813708575
-0.00352276361040054,-0.011781045516749,-0.058905227583745
-0.0036585441780212,-0.0117759390730053,-0.0588796953650267
-0.00379042922591788,-0.0117673026715059,-0.0588365133575297
-0.00391836734693889,-0.0117551020408163,-0.0587755102040818
-0.00404230713393244,-0.011739302909502,-0.0586965145475101
-0.00416219717974671,-0.0117198710061284,-0.0585993550306421
-0.00427798607722988,-0.011696772059261,-0.0584838602963052
-0.00438962241923024,-0.0116699717974653,-0.0583498589873268
-0.00449705479859598,-0.0116394359493068,-0.0581971797465344
-0.00460023180817531,-0.011605130243351,-0.058025651216755
-0.00469910204081649,-0.0115670204081633,-0.0578351020408165
-0.0047936140893677,-0.0115250721723092,-0.057625360861546
-0.00488371654667716,-0.0114792512643541,-0.0573962563217709
-0.00496935800559308,-0.0114295234128637,-0.0571476170643186
-0.00505048705896372,-0.0113758543464033,-0.0568792717320166
-0.00512705229963723,-0.0113182097935384,-0.0565910489676921
-0.00519900232046185,-0.0112565554828345,-0.0562827774141728
-0.00526628571428589,-0.0111908571428572,-0.0559542857142859
-0.00532885107395744,-0.0111210805021717,-0.0556054025108587
-0.0053866469923248,-0.0110471912893437,-0.0552359564467188
-0.00543962206223616,-0.0109691552329387,-0.0548457761646934
-0.00548772487653973,-0.010886938061522,-0.0544346903076101
-0.00553090402808372,-0.0108005055036592,-0.054002527518296
-0.00556910810971639,-0.0107098232879158,-0.0535491164395789
-0.00560228571428589,-0.0106148571428571,-0.0530742857142859
-0.00563038543464051,-0.0105155727970488,-0.0525778639852444
-0.00565335586362842,-0.0104119359790563,-0.0520596798952819
-0.0056711455940979,-0.0103039124174451,-0.0515195620872258
-0.00568370321889706,-0.0101914678407806,-0.0509573392039034
-0.00569097733087427,-0.0100745679776283,-0.050372839888142
-0.0056929165228776,-0.00995317855655382,-0.0497658927827693
-0.00568946938775531,-0.00982726530612243,-0.0491363265306125
-0.00568058451835564,-0.00969679395489974,-0.0484839697744989
-0.00566621050752683,-0.0095617302314512,-0.0478086511572561
-0.00564629594811706,-0.00942203986434225,-0.0471101993217113
-0.00562078943297455,-0.00927768858213839,-0.0463884429106922
-0.00558963955494752,-0.00912864211340516,-0.0456432105670259
-0.00555279490688424,-0.0089748661867079,-0.0448743309335397
-0.00551020408163286,-0.00881632653061222,-0.0440816326530613
-0.00546181567204161,-0.00865298887368359,-0.0432649443684181
-0.00540757827095876,-0.00848481894448742,-0.0424240947224373
-0.00534744047123243,-0.00831178247158921,-0.0415589123579462
-0.00528135086571093,-0.0081338451835545,-0.0406692259177726
-0.00520925804724244,-0.00795097280894867,-0.0397548640447436
-0.00513111060867516,-0.00776313107633726,-0.0388156553816864
-0.00504685714285738,-0.00757028571428571,-0.0378514285714286
-0.00495644624263724,-0.00737240245135954,-0.0368620122567979
-0.00485982650086299,-0.00716944701612422,-0.0358472350806214
-0.00475694651038278,-0.00696138513714524,-0.0348069256857263
-0.00464775486404497,-0.00674818254298804,-0.0337409127149404
-0.00453220015469765,-0.00652980496221812,-0.032649024811091
-0.00441023097518912,-0.00630621812340098,-0.031531090617005
-0.00428179591836756,-0.00607738775510206,-0.0303869387755105
-0.00414684357708122,-0.00584327958588685,-0.0292163979294344
-0.00400532254417824,-0.00560385934432082,-0.0280192967216041
-0.00385718141250693,-0.00535909275896948,-0.0267954637948475
-0.00370236877491545,-0.00510894555839827,-0.0255447277919916
-0.00354083322425203,-0.00485338347117274,-0.0242669173558638
-0.00337252335336493,-0.00459237222585829,-0.0229618611292916
-0.00319738775510231,-0.0043258775510204,-0.0216293877551024
-0.00301537502231241,-0.00405386517522461,-0.0202693258761233
-0.00282643374784344,-0.00377630082703638,-0.0188815041351821
-0.00263051252454361,-0.00349315023502109,-0.0174657511751057
-0.00242755994526119,-0.00320437912774439,-0.0160218956387222
-0.0022175246028443,-0.00290995323377165,-0.0145497661688583
-0.00200035509014126,-0.00260983828166835,-0.013049191408342
-0.00177600000000024,-0.00230399999999998,-0.0115200000000003
-0.0015444079252695,-0.00199240411733208,-0.00996202058666051
-0.00130552745879721,-0.00167501636223005,-0.00837508181115046
-0.00105930719343159,-0.00135180246325937,-0.00675901231629721
-0.000805695722020818,-0.00102272814898552,-0.00511364074492788
-0.000544641637413245,-0.000687759147974028,-0.00343879573987041
-0.000276093532456997,-0.000346861188790345,-0.00173430594395211
0,0,0
4.5588867187499e-05,-0.000232620117187495,-0.000419651367187491
8.86171874999981e-05,-0.00046174218749999,-0.000834867187499982
0.000129102539062497,-0.000687383789062486,-0.00124566503906247
0.000167062499999997,-0.000909562499999981,-0.00165206249999997
0.000202514648437496,-0.00112829589843748,-0.00205407714843746
0.000235476562500001,-0.00134360156250001,-0.00245172656250002
0.0002659658203125,-0.00155549707031251,-0.00284502832031251
0.000294,-0.001764,-0.003234
0.000319596679687499,-0.0019691279296875,-0.00361865917968749
0.000342773437499999,-0.00217089843749999,-0.00399902343749999
0.000363547851562498,-0.00236932910156249,-0.00437511035156248
0.000381937499999998,-0.00256443749999998,-0.00474693749999997
0.000397959960937498,-0.00275624121093748,-0.00511452246093746
0.0004116328125,-0.00294475781250001,-0.00547788281250002
0.0004229736328125,-0.00313000488281251,-0.00583703613281251
0.000431999999999999,-0.003312,-0.006192
0.000438729492187499,-0.0034907607421875,-0.0065427919921875
0.000443179687499999,-0.0036663046875,-0.00688942968749999
0.000445368164062499,-0.00383864941406249,-0.00723193066406248
0.000445312499999999,-0.00400781249999999,-0.00757031249999998
0.000443030273437499,-0.00417381152343749,-0.00790459277343747
0.000438539062499999,-0.00433666406250001,-0.00823478906250002
0.000431856445312498,-0.00449638769531251,-0.00856091894531251
0.000422999999999999,-0.004653,-0.00888300000000001
0.000411987304687499,-0.0048065185546875,-0.0092010498046875
0.000398835937499999,-0.0049569609375,-0.00951508593749999
0.000383563476562499,-0.00510434472656249,-0.00982512597656249
0.0003661875,-0.00524868749999999,-0.0101311875
0.0003467255859375,-0.00539000683593749,-0.0104332880859375
0.000325195312500001,-0.00552832031249999,-0.0107314453125
0.000301614257812497,-0.00566364550781251,-0.0110256767578125
0.000275999999999998,-0.005796,-0.011316
0.000248370117187498,-0.0059254013671875,-0.0116024326171875
0.000218742187499999,-0.0060518671875,-0.0118849921875
0.0001871337890625,-0.0061754150390625,-0.0121636962890625
0.0001535625,-0.00629606249999999,-0.0124385625
0.000118045898437501,-0.00641382714843749,-0.0127096083984375
8.06015625000021e-05,-0.00652872656249999,-0.0129768515625
4.12470703124959e-05,-0.00664077832031251,-0.0132403095703125
-3.46944695195362e-18,-0.00675,-0.0135
-4.31220703125026e-05,-0.0068564091796875,-0.0137559404296875
-8.81015625000016e-05,-0.0069600234375,-0.0140081484375
-0.000134920898437501,-0.0070608603515625,-0.0142566416015625
-0.000183562499999999,-0.0071589375,-0.0145014375
-0.000234008789062498,-0.00725427246093749,-0.0147425537109375
-0.000286242187499997,-0.00734688281249999,-0.0149800078125
-0.000340245117187506,-0.00743678613281251,-0.0152138173828125
-0.000396000000000005,-0.007524,-0.015444
-0.000453489257812503,-0.0076085419921875,-0.0156705732421875
-0.000512695312500002,-0.0076904296875,-0.0158935546875
-0.000573600585937501,-0.0077696806640625,-0.0161129619140625
-0.000636187499999999,-0.0078463125,-0.0163288125
-0.000700438476562498,-0.0079203427734375,-0.0165411240234375
-0.000766335937499996,-0.00799178906249999,-0.0167499140625
-0.000833862304687495,-0.00806066894531249,-0.0169552001953125
-0.000903000000000006,-0.008127,-0.017157
-0.000973731445312504,-0.0081907998046875,-0.0173553310546875
-0.0010460390625,-0.0082520859375,-0.0175502109375
-0.0011199052734375,-0.0083108759765625,-0.0177416572265625
-0.0011953125,-0.0083671875,-0.0179296875
-0.0012722431640625,-0.0084210380859375,-0.0181143193359375
-0.0013506796875,-0.0084724453125,-0.0182955703125
-0.00143060449218749,-0.0085214267578125,-0.0184734580078125
-0.00151200000000001,-0.008568,-0.018648
-0.00159484863281251,-0.0086121826171875,-0.0188192138671875
-0.0016791328125,-0.0086539921875,-0.0189871171875
-0.0017648349609375,-0.0086934462890625,-0.0191517275390625
-0.0018519375,-0.0087305625,-0.0193130625
-0.0019404228515625,-0.0087653583984375,-0.0194711396484375
-0.0020302734375,-0.0087978515625,-0.0196259765625
-0.00212147167968749,-0.0088280595703125,-0.0197775908203125
-0.00221400000000001,-0.008856,-0.019926
-0.00230784082031251,-0.0088816904296875,-0.0200712216796875
-0.00240297656250001,-0.0089051484375,-0.0202132734375
-0.0024993896484375,-0.0089263916015625,-0.0203521728515625
-0.0025970625,-0.0089454375,-0.0204879375
-0.0026959775390625,-0.0089623037109375,-0.0206205849609375
-0.0027961171875,-0.0089770078125,-0.0207501328125
-0.00289746386718749,-0.0089895673828125,-0.0208765986328125
-0.00300000000000001,-0.009,-0.021
-0.00310370800781251,-0.0090083232421875,-0.0211203544921875
-0.00320857031250001,-0.0090145546875,-0.0212376796875
-0.0033145693359375,-0.0090187119140625,-0.0213519931640625
-0.0034216875,-0.0090208125,-0.0214633125
-0.0035299072265625,-0.0090208740234375,-0.0215716552734375
-0.0036392109375,-0.0090189140625,-0.0216770390625
-0.00374958105468749,-0.0090149501953125,-0.0217794814453125
-0.00386099999999999,-0.009009,-0.021879
-0.00397345019531251,-0.0090010810546875,-0.0219756123046875
-0.00408691406250001,-0.0089912109375,-0.0220693359375
-0.0042013740234375,-0.0089794072265625,-0.0221601884765625
-0.0043168125,-0.0089656875,-0.0222481875
-0.0044332119140625,-0.0089500693359375,-0.0223333505859375
-0.0045505546875,-0.0089325703125,-0.0224156953125
-0.00466882324218749,-0.0089132080078125,-0.0224952392578125
-0.00478799999999999,-0.008892,-0.022572
-0.00490806738281251,-0.0088689638671875,-0.0226459951171875
-0.00502900781250001,-0.0088441171875,-0.0227172421875
-0.0051508037109375,-0.0088174775390625,-0.0227857587890625
-0.0052734375,-0.0087890625,-0.0228515625
-0.0053968916015625,-0.0087588896484375,-0.0229146708984375
-0.0055211484375,-0.0087269765625,-0.0229751015625
-0.00564619042968749,-0.0086933408203125,-0.0230328720703125
-0.00577199999999999,-0.008658,-0.023088
-0.00589855957031251,-0.0086209716796875,-0.0231405029296875
-0.00602585156250001,-0.0085822734375,-0.0231903984375
-0.00615385839843751,-0.0085419228515625,-0.0232377041015625
-0.0062825625,-0.0084999375,-0.0232824375
-0.0064119462890625,-0.0084563349609375,-0.0233246162109375
-0.0065419921875,-0.0084111328125,-0.0233642578125
-0.00667268261718749,-0.0083643486328125,-0.0234013798828125
-0.00680399999999999,-0.008316,-0.023436
-0.00693592675781249,-0.0082661044921875,-0.0234681357421875
-0.00706844531250001,-0.0082146796875,-0.0234978046875
-0.00720153808593751,-0.0081617431640625,-0.0235250244140625
-0.0073351875,-0.0081073125,-0.0235498125
-0.0074693759765625,-0.0080514052734375,-0.0235721865234375
-0.0076040859375,-0.0079940390625,-0.0235921640625
-0.0077392998046875,-0.0079352314453125,-0.0236097626953125
-0.00787499999999999,-0.007875,-0.023625
-0.00801116894531249,-0.0078133623046875,-0.0236378935546875
-0.00814778906250001,-0.00775033593749999,-0.0236484609375
-0.00828484277343751,-0.0076859384765625,-0.0236567197265625
-0.0084223125,-0.0076201875,-0.0236626875
-0.0085601806640625,-0.0075531005859375,-0.0236663818359375
-0.0086984296875,-0.0074846953125,-0.0236678203125
-0.0088370419921875,-0.0074149892578125,-0.0236670205078125
-0.00897600000000002,-0.00734399999999999,-0.023664
-0.00911528613281249,-0.00727174511718751,-0.0236587763671875
-0.00925488281250001,-0.00719824218749999,-0.0236513671875
-0.00939477246093748,-0.00712350878906251,-0.0236417900390625
-0.00953493750000001,-0.0070475625,-0.0236300625
-0.0096753603515625,-0.0069704208984375,-0.0236162021484375
-0.0098160234375,-0.0068921015625,-0.0236002265625
-0.00995690917968749,-0.00681262207031251,-0.0235821533203125
-0.010098,-0.00673200000000001,-0.023562
-0.0102392783203125,-0.00665025292968749,-0.0235397841796875
-0.0103807265625,-0.00656739843750001,-0.0235155234375
-0.0105223271484375,-0.0064834541015625,-0.0234892353515625
-0.0106640625,-0.00639843750000001,-0.0234609375
-0.0108059150390625,-0.0063123662109375,-0.0234306474609375
-0.0109478671875,-0.00622525781250001,-0.0233983828125
-0.0110899013671875,-0.0061371298828125,-0.0233641611328125
-0.011232,-0.00604800000000001,-0.023328
-0.0113741455078125,-0.00595788574218751,-0.0232899169921875
-0.0115163203125,-0.00586680468749999,-0.0232499296875
-0.0116585068359375,-0.00577477441406251,-0.0232080556640625
-0.0118006875,-0.0056818125,-0.0231643125
-0.0119428447265625,-0.0055879365234375,-0.0231187177734375
-0.0120849609375,-0.0054931640625,-0.0230712890625
-0.0122270185546875,-0.00539751269531252,-0.0230220439453125
-0.012369,-0.00530100000000001,-0.022971
-0.0125108876953125,-0.00520364355468749,-0.0229181748046875
-0.0126526640625,-0.00510546093750001,-0.0228635859375
-0.0127943115234375,-0.00500646972656249,-0.0228072509765625
-0.0129358125,-0.00490668750000001,-0.0227491875
-0.0130771494140625,-0.0048061318359375,-0.0226894130859375
-0.0132183046875,-0.00470482031250002,-0.0226279453125
-0.0133592607421875,-0.0046027705078125,-0.0225648017578125
-0.0135,-0.00449999999999999,-0.0225
-0.0136405048828125,-0.00439652636718751,-0.0224335576171875
-0.0137807578125,-0.00429236718749999,-0.0223654921875
-0.0139207412109375,-0.00418754003906251,-0.0222958212890625
-0.0140604375,-0.0040820625,-0.0222245625
-0.0141998291015625,-0.00397595214843752,-0.0221517333984375
-0.0143388984375,-0.0038692265625,-0.0220773515625
-0.0144776279296875,-0.00376190332031248,-0.0220014345703125
-0.014616,-0.003654,-0.021924
-0.0147539970703125,-0.00354553417968752,-0.0218450654296875
-0.0148916015625,-0.0034365234375,-0.0217646484375
-0.0150287958984375,-0.00332698535156249,-0.0216827666015625
-0.0151655625,-0.00321693750000001,-0.0215994375
-0.0153018837890625,-0.00310639746093749,-0.0215146787109375
-0.0154377421875,-0.00299538281249998,-0.0214285078125
-0.0155731201171875,-0.0028839111328125,-0.0213409423828125
-0.015708,-0.00277200000000002,-0.021252
-0.0158423642578125,-0.0026596669921875,-0.0211616982421875
-0.0159761953125,-0.00254692968749999,-0.0210700546875
-0.0161094755859375,-0.00243380566406251,-0.0209770869140625
-0.0162421875,-0.00232031249999999,-0.0208828125
-0.0163743134765625,-0.00220646777343751,-0.0207872490234375
-0.0165058359375,-0.0020922890625,-0.0206904140625
-0.0166367373046875,-0.00197779394531252,-0.0205923251953125
-0.016767,-0.001863,-0.020493
-0.0168966064453125,-0.00174792480468748,-0.0203924560546875
-0.0170255390625,-0.00163258593750001,-0.0202907109375
-0.0171537802734375,-0.00151700097656249,-0.0201877822265625
-0.0172813125,-0.00140118750000001,-0.0200836875
-0.0174081181640625,-0.0012851630859375,-0.0199784443359375
-0.0175341796875,-0.00116894531250002,-0.0198720703125
-0.0176594794921875,-0.0010525517578125,-0.0197645830078125
-0.017784,-0.000935999999999978,-0.019656
-0.0179077236328125,-0.000819307617187505,-0.0195463388671875
-0.0180306328125,-0.000702492187500024,-0.0194356171875
-0.0181527099609375,-0.000585571289062508,-0.0193238525390625
-0.0182739375,-0.000468562499999989,-0.0192110625
-0.0183942978515625,-0.000351483398437514,-0.0190972646484375
-0.0185137734375,-0.000234351562499997,-0.0189824765625
-0.0186323466796875,-0.000117184570312476,-0.0188667158203125
-0.01875,0,-0.01875
-0.0188667158203125,0.000117184570312478,-0.0186323466796875
-0.0189824765625,0.000234351562499993,-0.0185137734375
-0.0190972646484375,0.000351483398437512,-0.0183942978515625
-0.0192110625,0.000468562499999991,-0.0182739375
-0.0193238525390625,0.000585571289062508,-0.0181527099609375
-0.0194356171875,0.000702492187499985,-0.0180306328125
-0.0195463388671875,0.000819307617187501,-0.0179077236328125
-0.019656,0.000935999999999983,-0.017784
-0.0197645830078125,0.0010525517578125,-0.0176594794921875
-0.0198720703125,0.00116894531250002,-0.0175341796875
-0.0199784443359375,0.00128516308593749,-0.0174081181640625
-0.0200836875,0.00140118750000001,-0.0172813125
-0.0201877822265625,0.00151700097656249,-0.0171537802734375
-0.0202907109375,0.0016325859375,-0.0170255390625
-0.0203924560546875,0.00174792480468748,-0.0168966064453125
-0.020493,0.001863,-0.016767
-0.0205923251953125,0.00197779394531252,-0.0166367373046875
-0.0206904140625,0.00209228906249999,-0.0165058359375
-0.0207872490234375,0.00220646777343748,-0.0163743134765625
-0.0208828125,0.0023203125,-0.0162421875
-0.0209770869140625,0.00243380566406251,-0.0161094755859375
-0.0210700546875,0.00254692968749999,-0.0159761953125
-0.0211616982421875,0.00265966699218751,-0.0158423642578125
-0.021252,0.00277200000000002,-0.015708
-0.0213409423828125,0.0028839111328125,-0.0155731201171875
-0.0214285078125,0.00299538281249998,-0.0154377421875
-0.0215146787109375,0.0031063974609375,-0.0153018837890625
-0.0215994375,0.00321693750000001,-0.0151655625
-0.0216827666015625,0.00332698535156249,-0.0150287958984375
-0.0217646484375,0.00343652343750001,-0.0148916015625
-0.0218450654296875,0.00354553417968749,-0.0147539970703125
-0.021924,0.003654,-0.014616
-0.0220014345703125,0.00376190332031248,-0.0144776279296875
-0.0220773515625,0.0038692265625,-0.0143388984375
-0.0221517333984375,0.00397595214843751,-0.0141998291015625
-0.0222245625,0.00408206249999999,-0.0140604375
-0.0222958212890625,0.00418754003906251,-0.0139207412109375
-0.0223654921875,0.00429236718749999,-0.0137807578125
-0.0224335576171875,0.0043965263671875,-0.0136405048828125
-0.0225,0.00449999999999998,-0.0135
-0.0225648017578125,0.0046027705078125,-0.0133592607421875
-0.0226279453125,0.00470482031250002,-0.0132183046875
-0.0226894130859375,0.00480613183593749,-0.0130771494140625
-0.0227491875,0.00490668749999998,-0.0129358125
-0.0228072509765625,0.00500646972656249,-0.0127943115234375
-0.0228635859375,0.00510546093750001,-0.0126526640625
-0.0229181748046875,0.00520364355468749,-0.0125108876953125
-0.022971,0.005301,-0.012369
-0.0230220439453125,0.00539751269531252,-0.0122270185546875
-0.0230712890625,0.0054931640625,-0.0120849609375
-0.0231187177734375,0.00558793652343748,-0.0119428447265625
-0.0231643125,0.00568181249999999,-0.0118006875
-0.0232080556640625,0.00577477441406251,-0.0116585068359375
-0.0232499296875,0.00586680468749999,-0.0115163203125
-0.0232899169921875,0.00595788574218751,-0.0113741455078125
-0.023328,0.00604799999999999,-0.011232
-0.0233641611328125,0.0061371298828125,-0.0110899013671875
-0.0233983828125,0.00622525781249999,-0.0109478671875
-0.0234306474609375,0.0063123662109375,-0.0108059150390625
-0.0234609375,0.00639843750000001,-0.0106640625
-0.0234892353515625,0.00648345410156249,-0.0105223271484375
-0.0235155234375,0.0065673984375,-0.0103807265625
-0.0235397841796875,0.00665025292968749,-0.0102392783203125
-0.023562,0.006732,-0.010098
-0.0235821533203125,0.00681262207031249,-0.00995690917968752
-0.0236002265625,0.00689210156250001,-0.00981602343750001
-0.0236162021484375,0.0069704208984375,-0.00967536035156248
-0.0236300625,0.00704756249999999,-0.0095349375
-0.0236417900390625,0.00712350878906247,-0.00939477246093752
-0.0236513671875,0.00719824218749998,-0.00925488281250001
-0.0236587763671875,0.0072717451171875,-0.00911528613281248
-0.023664,0.00734399999999998,-0.00897600000000001
-0.0236670205078125,0.00741498925781249,-0.00883704199218749
-0.0236678203125,0.0074846953125,-0.00869842968749996
-0.0236663818359375,0.00755310058593749,-0.0085601806640625
-0.0236626875,0.00762018749999997,-0.00842231250000001
-0.0236567197265625,0.00768593847656248,-0.0082848427734375
-0.0236484609375,0.0077503359375,-0.00814778906249998
-0.0236378935546875,0.00781336230468749,-0.0080111689453125
-0.023625,0.00787499999999999,-0.00787499999999999
-0.0236097626953125,0.00793523144531248,-0.0077392998046875
-0.0235921640625,0.00799403906249999,-0.00760408593749999
-0.0235721865234375,0.00805140527343748,-0.00746937597656252
-0.0235498125,0.00810731249999998,-0.00733518749999999
-0.0235250244140625,0.0081617431640625,-0.00720153808593748
-0.0234978046875,0.00821467968749998,-0.0070684453125
-0.0234681357421875,0.0082661044921875,-0.00693592675781248
-0.023436,0.00831599999999998,-0.00680400000000001
-0.0234013798828125,0.00836434863281249,-0.00667268261718748
-0.0233642578125,0.00841113281249998,-0.00654199218750002
-0.0233246162109375,0.00845633496093749,-0.00641194628906249
-0.0232824375,0.00849993749999999,-0.00628256249999997
-0.0232377041015625,0.00854192285156249,-0.0061538583984375
-0.0231903984375,0.00858227343749997,-0.00602585156250003
-0.0231405029296875,0.00862097167968749,-0.0058985595703125
-0.023088,0.00865799999999998,-0.00577199999999998
-0.0230328720703125,0.00869334082031248,-0.00564619042968752
-0.0229751015625,0.00872697656249999,-0.00552114843749999
-0.0229146708984375,0.00875888964843749,-0.00539689160156247
-0.0228515625,0.00878906249999998,-0.00527343749999999
-0.0227857587890625,0.00881747753906248,-0.00515080371093751
-0.0227172421875,0.00884411718749999,-0.00502900781249999
-0.0226459951171875,0.00886896386718749,-0.00490806738281249
-0.022572,0.00889199999999998,-0.004788
-0.0224952392578125,0.00891320800781248,-0.00466882324218749
-0.0224156953125,0.00893257031249999,-0.00455055468750001
-0.0223333505859375,0.00895006933593749,-0.00443321191406249
-0.0222481875,0.00896568749999998,-0.00431681250000002
-0.0221601884765625,0.00897940722656249,-0.0042013740234375
-0.0220693359374999,0.00899121093749999,-0.00408691406249998
-0.0219756123046875,0.00900108105468748,-0.00397345019531251
-0.021879,0.00900899999999998,-0.00386099999999999
-0.0217794814453125,0.00901495019531248,-0.0037495810546875
-0.0216770390625,0.00901891406249999,-0.00363921093749999
-0.0215716552734375,0.00902087402343749,-0.00352990722656252
-0.0214633125,0.00902081249999998,-0.00342168749999999
-0.0213519931640624,0.00901871191406248,-0.00331456933593749
-0.0212376796875,0.00901455468749999,-0.0032085703125
-0.0211203544921875,0.00900832324218748,-0.00310370800781251
-0.021,0.00899999999999998,-0.003
-0.0208765986328124,0.00898956738281248,-0.00289746386718749
-0.0207501328125,0.00897700781249999,-0.00279611718750001
-0.0206205849609375,0.00896230371093748,-0.0026959775390625
-0.0204879374999999,0.00894543749999998,-0.00259706249999997
-0.0203521728515625,0.00892639160156248,-0.0024993896484375
-0.0202132734375,0.00890514843749998,-0.00240297656250001
-0.0200712216796875,0.00888169042968748,-0.00230784082031251
-0.0199259999999999,0.00885599999999998,-0.00221399999999998
-0.0197775908203125,0.00882805957031248,-0.0021214716796875
-0.0196259765624999,0.00879785156249998,-0.00203027343749999
-0.0194711396484375,0.00876535839843749,-0.00194042285156251
-0.0193130625,0.00873056249999998,-0.00185193749999999
-0.0191517275390625,0.00869344628906249,-0.00176483496093751
-0.0189871171875,0.00865399218749998,-0.0016791328125
-0.0188192138671874,0.00861218261718747,-0.00159484863281249
-0.018648,0.00856799999999999,-0.001512
-0.0184734580078124,0.00852142675781247,-0.0014306044921875
-0.0182955703125,0.00847244531249999,-0.00135067968749999
-0.0181143193359374,0.00842103808593748,-0.00127224316406249
-0.0179296875,0.00836718749999998,-0.0011953125
-0.0177416572265624,0.00831087597656247,-0.0011199052734375
-0.0175502109374999,0.00825208593749997,-0.00104603906249998
-0.0173553310546875,0.00819079980468749,-0.000973731445312503
-0.017157,0.008127,-0.000903000000000019
-0.0169552001953125,0.00806066894531248,-0.000833862304687508
-0.0167499140624999,0.00799178906249997,-0.000766335937499991
-0.0165411240234375,0.00792034277343748,-0.000700438476562517
-0.0163288124999999,0.00784631249999997,-0.00063618749999999
-0.0161129619140624,0.00776968066406246,-0.000573600585937483
-0.0158935546874999,0.00769042968749998,-0.000512695312499971
-0.0156705732421875,0.00760854199218749,-0.000453489257812478
-0.015444,0.00752399999999998,-0.000395999999999981
-0.0152138173828124,0.00743678613281246,-0.000340245117187479
-0.0149800078125,0.00734688281249998,-0.000286242187499971
-0.0147425537109374,0.00725427246093747,-0.000234008789062484
-0.0145014375,0.00715893749999999,-0.000183562499999992
-0.0142566416015624,0.00706086035156248,-0.00013492089843747
-0.0140081484375,0.0069600234375,-8.81015624999934e-05
-0.0137559404296875,0.00685640917968748,-4.31220703124867e-05
-0.0134999999999999,0.00674999999999996,2.4980018054066e-17
-0.0132403095703125,0.00664077832031248,4.12470703125166e-05
-0.0129768515624999,0.00652872656249997,8.06015625000382e-05
-0.0127096083984375,0.00641382714843749,0.000118045898437515
-0.0124385624999999,0.00629606249999996,0.000153562500000021
-0.0121636962890625,0.00617541503906249,0.000187133789062532
-0.0118849921874999,0.00605186718749998,0.000218742187500024
-0.0116024326171874,0.00592540136718746,0.00024837011718752
-0.0113159999999999,0.00579599999999997,0.000276000000000021
-0.0110256767578125,0.00566364550781251,0.000301614257812527
-0.0107314453125,0.00552832031249999,0.000325195312500012
-0.0104332880859374,0.00539000683593746,0.000346725585937529
-0.0101311875,0.00524868749999999,0.000366187500000024
-0.00982512597656243,0.00510434472656247,0.000383563476562525
-0.00951508593749988,0.00495696093749995,0.000398835937500031
-0.00920104980468744,0.00480651855468747,0.000411987304687516
-0.00888300000000001,0.00465300000000001,0.000423000000000031
-0.00856091894531245,0.00449638769531248,0.000431856445312527
-0.0082347890624999,0.00433666406249995,0.000438539062500027
-0.00790459277343747,0.00417381152343749,0.000443030273437532
-0.00757031249999992,0.00400781249999997,0.000445312500000017
-0.00723193066406248,0.0038386494140625,0.000445368164062533
-0.00688942968749993,0.00366630468749996,0.000443179687500027
-0.0065427919921875,0.00349076074218751,0.000438729492187527
-0.00619199999999994,0.00331199999999998,0.000432000000000032
-0.00583703613281239,0.00313000488281245,0.000422973632812516
-0.00547788281249996,0.00294475781249998,0.000411632812500032
-0.0051145224609374,0.00275624121093745,0.000397959960937526
-0.00474693749999997,0.0025644375,0.000381937500000025
-0.00437511035156241,0.00236932910156246,0.00036354785156253
-0.00399902343749999,0.0021708984375,0.00034277343750004
-0.00361865917968743,0.00196912792968747,0.000319596679687528
-0.00323399999999987,0.00176399999999994,0.000294000000000022
-0.00284502832031244,0.00155549707031247,0.000265965820312521
-0.00245172656250002,0.00134360156250003,0.000235476562500025
-0.00205407714843746,0.00112829589843749,0.000202514648437535
-0.0016520624999999,0.000909562499999955,0.000167062500000023
-0.00124566503906248,0.000687383789062496,0.000129102539062543
-0.000834867187499915,0.00046174218749996,8.86171875000144e-05
-0.000419651367187349,0.000232620117187429,4.55888671875184e-05
0,0,0
0,0,-0.00424056562499917
0,0,-0.00833827499999983
0,0,-0.0122946468750004
0,0,-0.0161111999999997
0,0,-0.0197894531250003
0,0,-0.0233309249999996
0,0,-0.0267371343750001
0,0,-0.0300095999999994
0,0,-0.033149840625
0,0,-0.0361593750000004
0,0,-0.0390397218749998
0,0,-0.0417924000000003
0,0,-0.0444189281249997
0,0,-0.0469208250000001
0,0,-0.0492996093749997
0,0,-0.0515568
0,0,-0.0536939156250003
0,0,-0.0557124749999999
0,0,-0.0576139968749996
0,0,-0.0593999999999999
0,0,-0.0610720031250001
0,0,-0.0626315249999998
0,0,-0.0640800843750001
0,0,-0.0654192000000003
0,0,-0.066650390625
0,0,-0.0677751749999998
0,0,-0.068795071875
0,0,-0.0697116000000001
0,0,-0.0705262781249999
0,0,-0.071240625
0,0,-0.0718561593749999
0,0,-0.0723744
0,0,-0.0727968656249999
0,0,-0.073125075
0,0,-0.073360546875
0,0,-0.0735048
0,0,-0.073559353125
0,0,-0.073525725
0,0,-0.073405434375
0,0,-0.0732
0,0,-0.072910940625
0,0,-0.0725397749999999
0,0,-0.072088021875
0,0,-0.0715572000000001
0,0,-0.0709488281250001
0,0,-0.0702644249999999
0,0,-0.0695055093750001
0,0,-0.0686736
0,0,-0.0677702156249998
0,0,-0.066796875
0,0,-0.0657550968750002
0,0,-0.0646464000000001
0,0,-0.0634723031249999
0,0,-0.0622343250000001
0,0,-0.0609339843749999
0,0,-0.0595728000000002
0,0,-0.058152290625
0,0,-0.0566739750000002
0,0,-0.055139371875
0,0,-0.0535499999999998
0,0,-0.0519073781250001
0,0,-0.0502130249999998
0,0,-0.0484684593750002
0,0,-0.0466751999999999
0,0,-0.0448347656250003
0,0,-0.042948675
0,0,-0.0410184468749997
0,0,-0.0390456000000001
0,0,-0.0370316531250005
0,0,-0.0349781250000002
0,0,-0.0328865343749998
0,0,-0.0307584000000003
0,0,-0.0285952406249999
0,0,-0.0263985749999996
0,0,-0.024169921875
0,0,-0.0219108000000005
0,0,-0.0196227281250001
0,0,-0.0173072249999997
0,0,-0.0149658093750002
0,0,-0.0125999999999999
0,0,-0.0102113156250003
0,0,-0.00780127499999995
0,0,-0.00537139687500047
0,0,-0.00292320000000003
0,0,-0.000458203124999688
0,0,0.00202207499999978
0,0,0.00451611562500024
0,0,0.00702239999999969
0,0,0.00953940937500006
0,0,0.0120656249999996
0,0,0.014599528125
0,0,0.0171396000000004
0,0,0.0196843218749999
0,0,0.0222321749999993
0,0,0.0247816406249997
0,0,0.0273312000000001
0,0,0.0298793343749996
0,0,0.032424525
0,0,0.0349652531250004
0,0,0.0374999999999999
0,0,0.0400272468749994
0,0,0.0425454749999998
0,0,0.0450531656250002
0,0,0.0475487999999997
0,0,0.0500308593750001
0,0,0.0524978249999996
0,0,0.054948178125
0,0,0.0573803999999995
0,0,0.0597929718749999
0,0,0.0621843750000002
0,0,0.0645530906249998
0,0,0.0668976000000001
0,0,0.0692163843749997
0,0,0.071507925
0,0,0.0737707031249995
0,0,0.0760031999999999
0,0,0.0782038968750002
0,0,0.0803712749999998
0,0,0.0825038156249993
0,0,0.0845999999999998
0,0,0.0866583093750001
0,0,0.0886772249999997
0,0,0.0906552281249999
0,0,0.0925908000000002
0,0,0.0944824218749999
0,0,0.0963285749999995
0,0,0.0981277406249998
0,0,0.0998784000000001
0,0,0.101579034375
0,0,0.103228125
0,0,0.104824153125
0,0,0.1063656
0,0,0.107850946875
0,0,0.109278675
0,0,0.110647265625
0,0,0.1119552
0,0,0.113200959375
0,0,0.114383025
0,0,0.115499878125
0,0,0.11655
0,0,0.117531871875
0,0,0.118443975
0,0,0.119284790625
0,0,0.1200528
0,0,0.120746484375
0,0,0.121364325
0,0,0.121904803125
0,0,0.1223664
0,0,0.122747596875
0,0,0.123046875
0,0,0.123262715625
0,0,0.1233936
0,0,0.123438009375
0,0,0.123394425
0,0,0.123261328125
0,0,0.1230372
0,0,0.122720521875
0,0,0.122309775
0,0,0.121803440625
0,0,0.1212
0,0,0.120497934375
0,0,0.119695725
0,0,0.118791853125
0,0,0.1177848
0,0,0.116673046875
0,0,0.115455075
0,0,0.114129365624999
0,0,0.1126944
0,0,0.111148659374999
0,0,0.109490625
0,0,0.107718778124999
0,0,0.1058316
0,0,0.103827571875
0,0,0.101705175
0,0,0.0994628906249996
0,0,0.0970992000000001
0,0,0.0946125843749996
0,0,0.0920015249999993
0,0,0.0892645031249999
0,0,0.0863999999999993
0,0,0.0834064968749999
0,0,0.0802824749999995
0,0,0.0770264156250002
0,0,0.0736367999999996
0,0,0.0701121093749991
0,0,0.0664508249999998
0,0,0.0626514281249991
0,0,0.0587123999999999
0,0,0.0546322218749992
0,0,0.0504093750000001
0,0,0.0460423406249995
0,0,0.0415295999999986
0,0,0.0368696343749995
0,0,0.0320609249999989
0,0,0.0271019531249999
0,0,0.0219911999999989
0,0,0.016727146875
0,0,0.0113082749999991
0,0,0.00573306562500046
0,0,0
0,0,0
0,0,0
0,0,0
0,0,0
0,0,0
0,0,0
0,0,0
0,0,0
0,0,0
0,0,0
0,0,0
0,0,0
0,0,0
0,0,0
0,0,0
0,0,0
0,0,0
0,0,0
0,0,0
0,0,0
0,0,0
0,0,0
0,0,0
0,0,0
0,0,0
0,0,0
0,0,0
0,0,0
0,0,0
0,0,0
0,0,0
0,0,0
0,0,0
0,0,0
0,0,0
0,0,0
0,0,0
0,0,0
0,0,0
0,0,0
0,0,0
0,0,0
0,0,0
0,0,0
0,0,0
0,0,0
0,0,0
0,0,0
0,0,0
0,0,0
0,0,0
0,0,0
0,0,0
0,0,0
0,0,0
0,0,0
0,0,0
0,0,0
0,0,0
0,0,0
0,0,0
0,0,0
0,0,0
0,0,0
0,0,0
0,0,0
0,0,0
0,0,0
0,0,0
0,0,0
0,0,0
0,0,0
0,0,0
0,0,0
0,0,0
0,0,0.00445800038399912
0,0,0.00880857907199982
0,0,0.0130526023680005
0,0,0.0171909365759997
0,0,0.0212244480000003
0,0,0.0251540029439995
0,0,0.0289804677120001
0,0,0.0327047086079994
0,0,0.036327591936
0,0,0.0398499840000005
0,0,0.0432727511039998
0,0,0.0465967595520003
0,0,0.0498228756479997
0,0,0.0529519656960002
0,0,0.0559848959999996
0,0,0.058922532864
0,0,0.0617657425920005
0,0,0.0645153914879999
0,0,0.0671723458560003
0,0,0.0697374719999998
0,0,0.0722116362240002
0,0,0.0745957048319997
0,0,0.0768905441280001
0,0,0.0790970204159997
0,0,0.081216
0,0,0.0832483491839996
0,0,0.0851949342719999
0,0,0.0870566215680002
0,0,0.0888342773759999
0,0,0.0905287680000001
0,0,0.0921409597439998
0,0,0.0936717189120001
0,0,0.0951219118079998
0,0,0.096492404736
0,0,0.0977840640000002
0,0,0.098997755904
0,0,0.100134346752
0,0,0.101194702848
0,0,0.102179690496
0,0,0.103090176
0,0,0.103927025664
0,0,0.104691105792
0,0,0.105383282688
0,0,0.106004422656
0,0,0.106555392
0,0,0.107037057024
0,0,0.107450284032
0,0,0.107795939328
0,0,0.108074889216
0,0,0.108288
0,0,0.108436137984
0,0,0.108520169472
0,0,0.108540960768
0,0,0.108499378176
0,0,0.108396288
0,0,0.108232556544
0,0,0.108009050112
0,0,0.107726635008
0,0,0.107386177536
0,0,0.106988544
0,0,0.106534600704
0,0,0.106025213952
0,0,0.105461250048
0,0,0.104843575296
0,0,0.104173056
0,0,0.103450558464
0,0,0.102676948992
0,0,0.101853093888
0,0,0.100979859456
0,0,0.100058112
0,0,0.0990887178239999
0,0,0.0980725432320001
0,0,0.097010454528
0,0,0.0959033180160002
0,0,0.094752
0,0,0.0935573667839998
0,0,0.0923202846720001
0,0,0.0910416199679999
0,0,0.0897222389760001
0,0,0.0883630079999999
0,0,0.0869647933440002
0,0,0.085528461312
0,0,0.0840548782080002
0,0,0.082544910336
0,0,0.0809994239999998
0,0,0.0794192855040001
0,0,0.0778053611519998
0,0,0.0761585172480001
0,0,0.0744796200959999
0,0,0.0727695360000002
0,0,0.071029131264
0,0,0.0692592721919997
0,0,0.067460825088
0,0,0.0656346562559997
0,0,0.0637816320000001
0,0,0.0619026186239999
0,0,0.0599984824320002
0,0,0.0580700897279999
0,0,0.0561183068160003
0,0,0.054144
0,0,0.0521480355839997
0,0,0.0501312798720001
0,0,0.0480945991679997
0,0,0.0460388597760002
0,0,0.0439649279999998
0,0,0.0418736701440003
0,0,0.0397659525119999
0,0,0.0376426414080004
0,0,0.035504603136
0,0,0.0333527039999997
0,0,0.0311878103040001
0,0,0.0290107883519997
0,0,0.0268225044480002
0,0,0.0246238248959998
0,0,0.0224156160000003
0,0,0.0201987440639999
0,0,0.0179740753919996
0,0,0.015742476288
0,0,0.0135048130559997
0,0,0.0112619520000001
0,0,0.00901475942399972
0,0,0.00676410163200026
0,0,0.00451084492799984
0,0,0.00225585561600038
0,0,0
0,0,-0.00225585561600044
0,0,-0.00451084492799993
0,0,-0.00676410163200033
0,0,-0.00901475942399982
0,0,-0.0112619520000002
0,0,-0.0135048130559997
0,0,-0.0157424762880001
0,0,-0.0179740753919996
0,0,-0.020198744064
0,0,-0.0224156160000004
0,0,-0.0246238248959999
0,0,-0.0268225044480003
0,0,-0.0290107883519998
0,0,-0.0311878103040002
0,0,-0.0333527039999997
0,0,-0.0355046031360001
0,0,-0.0376426414080005
0,0,-0.0397659525119999
0,0,-0.0418736701440004
0,0,-0.0439649279999998
0,0,-0.0460388597760002
0,0,-0.0480945991679998
0,0,-0.0501312798720001
0,0,-0.0521480355839997
0,0,-0.054144
0,0,-0.0561183068160004
0,0,-0.0580700897279999
0,0,-0.0599984824320003
0,0,-0.0619026186239999
0,0,-0.0637816320000002
0,0,-0.0656346562559999
0,0,-0.0674608250880001
0,0,-0.0692592721919997
0,0,-0.071029131264
0,0,-0.0727695360000004
0,0,-0.0744796200959999
0,0,-0.0761585172480002
0,0,-0.0778053611519999
0,0,-0.0794192855040001
0,0,-0.0809994239999999
0,0,-0.0825449103360001
0,0,-0.0840548782080004
0,0,-0.085528461312
0,0,-0.0869647933440003
0,0,-0.0883630080000001
0,0,-0.0897222389760001
0,0,-0.091041619968
0,0,-0.092320284672
0,0,-0.0935573667839999
0,0,-0.0947520000000001
0,0,-0.0959033180160003
0,0,-0.0970104545280001
0,0,-0.0980725432320002
0,0,-0.0990887178239999
0,0,-0.100058112
0,0,-0.100979859456
0,0,-0.101853093888
0,0,-0.102676948992
0,0,-0.103450558464
0,0,-0.104173056
0,0,-0.104843575296
0,0,-0.105461250048
0,0,-0.106025213952
0,0,-0.106534600704
0,0,-0.106988544
0,0,-0.107386177536
0,0,-0.107726635008
0,0,-0.108009050112
0,0,-0.108232556544
0,0,-0.108396288
0,0,-0.108499378176
0,0,-0.108540960768
0,0,-0.108520169472
0,0,-0.108436137984
0,0,-0.108288
0,0,-0.108074889216
0,0,-0.107795939328
0,0,-0.107450284032
0,0,-0.107037057024
0,0,-0.106555392
0,0,-0.106004422656
0,0,-0.105383282688
0,0,-0.104691105792
0,0,-0.103927025664
0,0,-0.103090176
0,0,-0.102179690496
0,0,-0.101194702848
0,0,-0.100134346752
0,0,-0.0989977559040001
0,0,-0.0977840640000004
0,0,-0.0964924047360002
0,0,-0.0951219118080001
0,0,-0.0936717189120001
0,0,-0.0921409597440001
0,0,-0.0905287680000004
0,0,-0.0888342773760001
0,0,-0.0870566215680005
0,0,-0.0851949342720001
0,0,-0.0832483491840005
0,0,-0.0812160000000002
0,0,-0.079097020416
0,0,-0.0768905441280005
0,0,-0.074595704832
0,0,-0.0722116362240005
0,0,-0.0697374720000001
0,0,-0.0671723458560007
0,0,-0.064515391488
0,0,-0.0617657425920007
0,0,-0.0589225328640005
0,0,-0.0559848959999998
0,0,-0.0529519656960006
0,0,-0.0498228756479999
0,0,-0.0465967595520006
0,0,-0.043272751104
0,0,-0.0398499840000007
0,0,-0.0363275919360004
0,0,-0.0327047086079996
0,0,-0.0289804677120004
0,0,-0.0251540029439998
0,0,-0.0212244480000006
0,0,-0.0171909365759998
0,0,-0.0130526023680007
0,0,-0.00880857907200028
0,0,-0.00445800038400086
0,0,-4.16333634234434e-16
