0.109089181757799,0.0870776005481117,0.160995475324499,-2.01695641408591,-0.0161779674994659,2.10285630537056,1.063091024992
0.11532115652481,0.0869886001171509,0.15460378417119,-2.01696137417168,-0.0155250923007326,2.10286486761759,1.06262437159267
0.120293071106402,0.0869059437804096,0.14947283196785,-2.01698304242837,-0.0149995971168267,2.10287556958494,1.06221839480967
0.124229687066015,0.0868119649207414,0.145343176818466,-2.01703785571091,-0.0145725552261348,2.10289257716569,1.06182496994628
0.12731561461286,0.086691190442734,0.141998517553518,-2.01714082163828,-0.0142199189363993,2.10291956277181,1.06140117991272
0.129700288325884,0.0865297334791763,0.139260181158811,-2.01730629411954,-0.0139218690889201,2.10296007101256,1.06090856447787
0.131506100562444,0.0863153804191907,0.136979323340411,-2.01754720628129,-0.0136618798308832,2.10301719459122,1.06031297489847
0.132819453035345,0.0860374080576079,0.13504530499415,-2.01787541404059,-0.0134275113182718,2.10309385637471,1.0595843779377
0.133711348057721,0.0856863138286588,0.13336520891451,-2.01830149760646,-0.0132082343217256,2.10319242950491,1.05869593170383
0.134237062126591,0.085253620501138,0.131863664557656,-2.01883501227775,-0.0129955339830412,2.10331511167456,1.05762364824895
0.134439324494153,0.0847323699381282,0.130479752597385,-2.01948394421847,-0.0127825932988196,2.10346370844961,1.05634608359935
0.134351362850535,0.0841165845108637,0.129163724610283,-2.02025518626476,-0.0125639299311079,2.10363980224253,1.05484414308475
0.133999185751413,0.0834014824371766,0.127874878810981,-2.02115418891748,-0.0123352236779013,2.10384451786031,1.05310106897154
0.133401387586229,0.0825833057986955,0.126581254015858,-2.02218506089597,-0.0120932360001324,2.1040785952009,1.05110195355345
0.132576567237269,0.0816595889068624,0.125252447289485,-2.023350627275,-0.0118352315594578,2.10434264408464,1.04883360716403
0.131532404750649,0.0806289815094531,0.123870499198754,-2.02465217181115,-0.0115599102458873,2.10463674134213,1.04628511157514
0.130278551936456,0.0794912522158989,0.122416732781097,-2.02608963990978,-0.0112662063679549,2.1049606849852,1.04344677392067
0.128838881087479,0.0782470139949251,0.120859208663324,-2.02766162508731,-0.010952108221351,2.10531387571959,1.04030950011262
0.127199937687164,0.0768984333379314,0.119205335905874,-2.02936538761141,-0.0106195043775941,2.10569550327137,1.03686795359111
0.125366958154819,0.0754486261905626,0.117444642909001,-2.03119665318204,-0.0102689628534365,2.10610435494139,1.03311708732883
0.123344706447279,0.0739015516753825,0.11556824294992,-2.03315008310566,-0.00990133829369016,2.10653892513079,1.02905301164321
0.121137715802776,0.0722622949220219,0.11356864605499,-2.03521896863671,-0.00951787313327036,2.10699745524929,1.02467321293421
0.118750317932338,0.0705368659360397,0.111439642203209,-2.0373954434939,-0.00912014604514816,2.10747793367229,1.01997639403852
0.116186695878022,0.0687321909212905,0.109176232264508,-2.03967048057559,-0.00870998005999395,2.10797804811677,1.0149624756898
0.113450953108932,0.0668560746927061,0.106774584934982,-2.04203404411618,-0.00828948236804093,2.10849538305153,1.00963259840527
0.110547100514276,0.0649170946059223,0.104231905332629,-2.04447506935389,-0.00786091113095621,2.10902722658281,1.00398890410206
0.107479200551071,0.0629245564616001,0.101546410131089,-2.04698166330947,-0.00742671821375685,2.10957077404845,0.998034771132761
0.104253516002112,0.0608883823710489,0.0987150165724608,-2.04954116149189,-0.00698929935664877,2.11012308084005,0.991774394379996
0.100872703749039,0.058819228025773,0.0957392417282613,-2.05214014412888,-0.00655129940622615,2.11068117704709,0.985213200683075
0.0973403694843405,0.0567280341462815,0.0926206890186556,-2.05476465479576,-0.00611548732685137,2.11124180496828,0.978357636625333
0.0936651427837639,0.0546262929197458,0.0893565417515545,-2.05740021773931,-0.00568405405530637,2.1118018841082,0.971214574210973
0.0896928573317687,0.0525264502196576,0.0861102206528747,-2.06003223680308,-0.00526945951232333,2.11235827827029,0.963799357684107
0.0856548748046985,0.0504394076684383,0.0826547566130888,-2.06264558589373,-0.00485927206442358,2.11290788162957,0.956110286129707
0.0815040795048045,0.0483775944776601,0.0790466958514649,-2.0652251175636,-0.0044592315943341,2.1134474890458,0.948159636205029
0.0772567283143759,0.0463531565883441,0.0752791574566547,-2.06775573967288,-0.00407079402342897,2.11397413600099,0.939957539032719
0.0729005932390138,0.0443782797936783,0.071374881413543,-2.07022247440477,-0.00369683284534288,2.1144848867692,0.931515969145721
0.0684871436088839,0.0424648695945741,0.0672929781451217,-2.0726104711311,-0.00333654320269746,2.11497687718964,0.9228451922564
0.0639791991923624,0.0406248177040562,0.0630828787724109,-2.07490517049426,-0.00299345441817692,2.11544728824798,0.91395930110654
0.0593846297153481,0.0388694772526031,0.0587494071128403,-2.07709280025353,-0.00266839713640578,2.1158937099275,0.904871502428673
0.0547115271836327,0.0372098030069523,0.0542975126790428,-2.07915977274854,-0.00236172410731197,2.11631355319239,0.895595096387317
0.0499688890443757,0.035656265581577,0.0497321557557483,-2.08109341429577,-0.00207352750967028,2.11670467085434,0.886144207922742
0.045162082100321,0.0342187415665792,0.0450626153073575,-2.08288162560795,-0.00180365678029484,2.11706492611417,0.876533538522063
0.0403047163088668,0.0329063365592477,0.040290160311735,-2.08451330559305,-0.00155121456359004,2.11739241050558,0.866777542363476
0.0353562651218583,0.031727694832025,0.0354713834770021,-2.08597812127829,-0.0013170870573294,2.11768548943553,0.856892893477643
0.0303182936461003,0.0306901882742704,0.0306208378230965,-2.0872669707092,-0.0011000616187389,2.11794253185727,0.84689518521249
0.0253377346495252,0.0298005744322081,0.0256070839161893,-2.08837167036876,-0.0008934424513452,2.11816230321539,0.836796601712786
0.0203356479627962,0.0290645900109233,0.0205265986668133,-2.08928527243902,-0.000698585279212386,2.11834364200921,0.826615420924328
0.0152799436251008,0.0284871854354912,0.0154291050430278,-2.09000188918915,-0.00051474683598387,2.11848563255876,0.816368988523589
0.0102351010881978,0.0280720312888104,0.010267112314719,-2.09051706338725,-0.000337567125526492,2.11858758985195,0.806072137492307
0.00516542145959074,0.0278217604240097,0.00509427631620045,-2.09082750231698,-0.000166002908112235,2.11864891010469,0.795742350335761
8.20332934137285e-05,0.0277382193299294,-8.25520844837311e-05,-2.09093121505274,2.66614990980699e-06,2.11866944156466,0.785396289971967
-0.00493132776743873,0.0278218660030402,-0.00533003839599484,-2.09082746592101,0.000173690759281804,2.1186489368069,0.775048386355014
-0.00995056971390669,0.0280720685156729,-0.0105536588686488,-2.09051707726765,0.000347011933448186,2.11858754611517,0.764717374353083
-0.0149869330707936,0.0284873289053462,-0.0157242244714956,-2.09000187533481,0.000524584710830272,2.11848561918353,0.754420232975641
-0.019988860740418,0.0290648349712384,-0.0208759472547874,-2.08928525969367,0.000710496655394782,2.11834365046021,0.744172286331626
-0.024950477180425,0.029800868080721,-0.0259972770368889,-2.08837166563574,0.000907070320671343,2.11816229544272,0.733989867521498
-0.029863499468004,0.0306906074987687,-0.0310791310111688,-2.08726700892821,0.00111652638875825,2.11794253333655,0.723889251131433
-0.0347485980476714,0.0317283750134914,-0.036083974727073,-2.085978119149,0.00133986638923936,2.11768545413558,0.713886967003493
-0.0395704554454711,0.0329073751167387,-0.0410305849487404,-2.08451325909754,0.0015797580657515,2.11739240590566,0.703998180439078
-0.0443316314642581,0.0342200394918243,-0.0459003325627374,-2.08288159967505,0.00183722295064847,2.11706487123355,0.69423859032288
-0.0491151673193129,0.0356577779458677,-0.0505937843395608,-2.0810933806017,0.00210953842667366,2.11670456597411,0.684626053602756
-0.0538187285175563,0.0372115912595328,-0.0551988760604574,-2.07915976850664,0.00240101763895434,2.11631343956521,0.675172898440728
-0.0584399228908803,0.0388716265064953,-0.0597035790098783,-2.07709278454302,0.00271183291343906,2.11589359402488,0.665893565007083
-0.0630130064432868,0.0406273092453312,-0.0640592575955037,-2.07490517335949,0.00303991606906154,2.11544719658854,0.65680357321036
-0.0674945202072298,0.0424677428771638,-0.0682965397095366,-2.07261036412595,0.00338646245033873,2.11497668676492,0.647915252839358
-0.0718754585025153,0.0443815995834086,-0.072411900951136,-2.07022239155633,0.00375073307656974,2.11448472866094,0.639241618205606
-0.0761473369134315,0.0463570697574439,-0.0764020243374963,-2.06775570839428,0.00413174817175238,2.11397397173002,0.630795025912114
-0.0803028254586887,0.0483822314001239,-0.0802632370332136,-2.06522507405128,0.00452814719724323,2.11344725483973,0.622587238715914
-0.084339974388128,0.0504449133476716,-0.0839871740354265,-2.06264556942586,0.00493795813271029,2.11290759811344,0.614629609775657
-0.0882532316392653,0.0525330366196746,-0.0875699172255664,-2.06003216427145,0.00535922704494772,2.11235793280124,0.606932648664781
-0.092039032650416,0.0546342892820142,-0.0910063605341431,-2.05740019308873,0.00578957655001726,2.11180144331352,0.599506173331626
-0.0956916560610914,0.0567368234047024,-0.0942944268484005,-2.05476449327072,0.0062266238961349,2.11124126110074,0.592359179041279
-0.099210127442514,0.0588287388152718,-0.0974281286821215,-2.05213998334097,0.00666759635212776,2.11068058105376,0.585499956768167
-0.10259088241174,0.0608985568363251,-0.100404949645762,-2.04954095726229,0.0071097279285118,2.11012242383845,0.578935925773146
-0.105830590684804,0.0629352435063814,-0.103223103335874,-2.04698147979008,0.00755019302864248,2.10957005677614,0.572673451721703
-0.108927192500187,0.0649282032835392,-0.105880392198572,-2.04447488512467,0.00798617905414484,2.10902648715607,0.566718127591899
-0.111876240752973,0.0668674609723265,-0.108378008150108,-2.04203383100471,0.00841491359905953,2.1084945542566,0.561074367383585
-0.114659295193636,0.0687438261350978,-0.110732391176115,-2.03967031033718,0.00883514147199235,2.10797725712564,0.555744729185258
-0.117293398697315,0.070548489295854,-0.112924800867649,-2.03739525728583,0.00924271188363009,2.10747711013445,0.550732725257623
-0.119775981511538,0.0722736555099042,-0.114957488426595,-2.0352187460875,0.00963526586780154,2.10699663463637,0.546039659102795
-0.122105230395566,0.0739123404078829,-0.116833041909298,-2.03314985023502,0.0100106637134232,2.10653815316453,0.541665643281494
-0.124274664200461,0.0754584433243148,-0.118559801179213,-2.03119639905369,0.0103673558608309,2.10610353913536,0.537609351562986
-0.126289553187207,0.0769069392446497,-0.120135196742088,-2.02936512226387,0.0107031226536382,2.10569478943203,0.533869021049199
-0.128149600270197,0.078253607294755,-0.12156353182021,-2.02766148857458,0.0110165248375979,2.10531332071291,0.530441150725778
-0.129854980641638,0.0794953670465174,-0.122849711124211,-2.02608958673751,0.011306439342444,2.1049603252372,0.527321033020223
-0.131407713704914,0.0806302326632085,-0.123998012927662,-2.02465213818327,0.0115719320910906,2.1046366121881,0.524502698460232
-0.13281020796531,0.0816572189934982,-0.125013474040073,-2.02335064694799,0.0118124413486206,2.10434287043845,0.521978834784335
-0.134065660063358,0.0825763124232345,-0.125901547028538,-2.02218522514292,0.0120276382105097,2.10407919798108,0.519740843399456
-0.135177842817879,0.0833888334025235,-0.126668514280707,-2.02115444041088,0.0122176300870715,2.10384557039202,0.517778527682995
-0.136151366017161,0.0840970178930776,-0.127321027909634,-2.02025559291827,0.0123827897302652,2.10364151239195,0.516080386505109
-0.136991736518307,0.0847042125722605,-0.127866225505497,-2.01948456824356,0.0125238101432771,2.10346622709042,0.514633403133872
-0.137705414635806,0.085214824455163,-0.128311681671724,-2.01883588768408,0.0126416813540861,2.10331858068212,0.513423055266198
-0.138299845922841,0.0856342994813727,-0.128665421801009,-2.01830273424464,0.0127376807781513,2.10319711068183,0.512433269061933
-0.138783477595841,0.0859690925947373,-0.128935947946871,-2.01787699366583,0.0128133664848652,2.10310004644718,0.511646375726931
-0.139165772470988,0.0862266496500401,-0.129132268529604,-2.01754927077898,0.0128705546365872,2.10302528705071,0.51104309207008
-0.139457223772201,0.0864153672675692,-0.129263933211066,-2.01730895233803,0.0129113179242913,2.10297045288635,0.510602450713968
-0.13966936769505,0.0865445724531786,-0.129341065865083,-2.01714422652135,0.012937961976343,2.10293286392218,0.510301778422783
-0.139814792820909,0.0866244860522508,-0.129374399364364,-2.01704213807876,0.0129530203009332,2.10290957526561,0.510116644114618
-0.139907151453356,0.0866661993773714,-0.129375311596551,-2.01698861949881,0.0129592413196223,2.1028973832244,0.510020816871945
-0.139960858343974,0.0866816415322087,-0.129356179020773,-2.01696852389591,0.0129596028213363,2.10289281097669,0.509986202243029
-0.139992093474019,0.0866836237959644,-0.12932939286776,-2.01696560763247,0.0129572247911568,2.10289217203258,0.509982893619799
-0.140124437385695,0.082537617049998,-0.129614824973674,-2.02407924273047,0.0148838141492458,2.11344990968077,0.508497267633013
-0.140231776065135,0.0784234036248038,-0.129938203568858,-2.03113492651376,0.0168494106142844,2.12397731380024,0.506955261454652
-0.140297168021012,0.0743332643255311,-0.130330740533467,-2.03810472677414,0.0188565218661577,2.13443822868974,0.505341387582735
-0.140425951865524,0.0702584767887977,-0.130698255603874,-2.04496227674919,0.0208968389564788,2.14479832196157,0.50364878030239
-0.140502348501531,0.0661923586175264,-0.131171046120619,-2.05168362759598,0.022981863467285,2.15502522405077,0.501857785503422
-0.140630483086702,0.0621266116797279,-0.13165467199386,-2.05824630849033,0.0251040660207232,2.1650886803614,0.499962959334279
-0.140682601770071,0.0580549302777778,-0.132289744044256,-2.06462967859455,0.0272745849994665,2.17495991456215,0.497946646401316
-0.140708488453941,0.053970029754986,-0.133035348527332,-2.07081474731158,0.0294900493532811,2.1846125232629,0.495802512371429
-0.140802001107336,0.0498646370797566,-0.133805602973593,-2.07678391991938,0.0317449759292314,2.19402166152343,0.493526434052827
-0.140826924183372,0.0457337790877993,-0.134746918912743,-2.08252086567802,0.0340493117012657,2.20316419324584,0.491104272923132
-0.141103060793037,0.0415700367316874,-0.135543655070685,-2.0880106538808,0.0363854538104056,2.21201923293119,0.488542210056991
-0.141450722860453,0.0373700012396382,-0.136384881857098,-2.09323943491931,0.038766645891213,2.22056706433642,0.48582579451245
-0.141855534692547,0.0331298566176886,-0.137291457384076,-2.09819412307198,0.0411950409640293,2.22878974597275,0.482948739242762
-0.14231354713478,0.0288464196867207,-0.138273054030831,-2.10286284916103,0.0436721431387561,2.23667112621937,0.479906311033687
-0.14281235171849,0.0245175233807459,-0.139347099136559,-2.1072342770157,0.046199574686565,2.24419657588686,0.476694394352599
-0.142996967267763,0.02014268433222,-0.140874392855301,-2.11129804967794,0.0487875727465341,2.25135291630192,0.473303673279569
-0.143213453905751,0.0157201452590756,-0.14251010425201,-2.11504441791266,0.0514235049005269,2.25812925164874,0.469741560369315
-0.143459455452274,0.0112503303582384,-0.144259314618331,-2.11846433482456,0.0541076847269597,2.26451590758173,0.466007278363182
-0.1438612392974,0.00673463703742691,-0.145997812374495,-2.12154929766699,0.0568391807962421,2.27050483840544,0.462101469713984
-0.14424869983628,0.00217581815415693,-0.147897684516267,-2.1242912959016,0.0596208484332827,2.27608927112884,0.458022945341945
-0.144656096703293,-0.00242266757361751,-0.149925463730924,-2.12668291282284,0.0624521388713508,2.28126420033685,0.45377349565734
-0.145055862147608,-0.00705642543666249,-0.152108889558556,-2.12871724617105,0.0653325407494262,2.28602605140054,0.449355743666727
-0.14548156513694,-0.0117201094832832,-0.154414035567551,-2.13038798552189,0.0682618373746068,2.29037275329262,0.444772581734954
-0.146698517871652,-0.0164052391762536,-0.156077576931714,-2.13168896218575,0.07125731654483,2.29430279318505,0.440015355139952
-0.147846862207374,-0.0211058134335313,-0.157956194915555,-2.13261499692116,0.074308814480319,2.2978172693563,0.435095289365745
-0.148758068768502,-0.0258146804586211,-0.16021520107399,-2.13316158419186,0.0774086389175713,2.30091881254885,0.430022227394889
-0.14966404315926,-0.0305224545993856,-0.162620867799073,-2.13332438289774,0.0805614880779763,2.30361054457077,0.42479820480642
-0.149403969557692,-0.0352267657838846,-0.166321283850962,-2.13310084231594,0.0837099734637953,2.30590047566064,0.41946887020358
-0.149345676639696,-0.0399113358512096,-0.169953811353668,-2.13248743643307,0.0869069382876467,2.30779200212886,0.414003497114612
-0.149448350719832,-0.0445654961356461,-0.173555449094028,-2.13148206852531,0.0901539895690314,2.30929237062467,0.408407546283718
-0.14968287696523,-0.049178190229464,-0.177151036564207,-2.13008344355094,0.0934526155577148,2.31041002079945,0.40268701605309
-0.150089634501216,-0.0537374315427562,-0.180696308847888,-2.12829094401465,0.0968090278582095,2.31115417992863,0.396844995371938
-0.150547861522957,-0.0582326652257299,-0.184305707083187,-2.12610518831569,0.100217596207205,2.31153612040868,0.390893135660376
-0.151006332981331,-0.0626529064554434,-0.188024264761039,-2.12352766927293,0.1036757002633,2.31156776016233,0.384841173144248
-0.151509194832842,-0.0669861131172158,-0.191802799768348,-2.12056061503202,0.1071890811109,2.31126163994806,0.378693452529278
-0.152061131561589,-0.0712207156447985,-0.195630752940052,-2.11720741808811,0.110760526006617,2.31063129835503,0.372456453133229
-0.152651894454938,-0.0753456617590159,-0.199512091166209,-2.11347262127341,0.114391657411525,2.30969130497215,0.366137728356095
-0.153271728467109,-0.079350203311438,-0.203450013245443,-2.109361855033,0.118084234463771,2.30845698676911,0.359744760107296
-0.153913062797845,-0.0832241249195794,-0.207445470051779,-2.10488201798514,0.121840102876419,2.30694447681768,0.353284994305266
-0.154611078196208,-0.0869569131889339,-0.211457488506295,-2.10004105570749,0.125666384062389,2.3051701544294,0.346762446568807
-0.155293492954582,-0.0905407997073807,-0.21554984517837,-2.09484838010182,0.129557307991223,2.30315202655675,0.340189845464224
-0.155963355695368,-0.0939673674234349,-0.219712663006339,-2.08931464659922,0.133515767972216,2.30090802188444,0.333573976679369
-0.156621596007251,-0.0972293016497979,-0.223938025173006,-2.0834518176803,0.137544332785027,2.29845662276562,0.326921628057093
-0.157266453862086,-0.100319919904909,-0.228220715520941,-2.07727301648323,0.141645627458846,2.29581681085039,0.320239508670093
-0.157902763389787,-0.103233624487615,-0.232549130077459,-2.07079274840919,0.145822871542737,2.29300775942471,0.313533696728242
-0.158533008342432,-0.105965842730981,-0.236913917603459,-2.06402700357652,0.150079050878107,2.29004918639518,0.30681026494904
-0.15915826977861,-0.108513067281591,-0.241307288503734,-2.05699284727724,0.154416970962666,2.28696093668856,0.300074978363239
-0.159779264704588,-0.110872914198231,-0.245721751203821,-2.04970869768194,0.158839123145117,2.28376317540478,0.293333735878654
-0.160396281406301,-0.11304422712766,-0.250150365616504,-2.04219435354478,0.163347763522065,2.28047625489969,0.286592156726914
-0.161009210203257,-0.115027148540819,-0.25458661719211,-2.03447090286285,0.167944848178598,2.27712078430306,0.279855699463827
-0.161616837983465,-0.116822888145719,-0.259025085022034,-2.02656053673403,0.172631912588914,2.27371742337522,0.273129715297058
-0.162216961415158,-0.118434059937595,-0.263461420709703,-2.01848674976594,0.177409912367171,2.27028708743834,0.266419502952018
-0.162813766645033,-0.119864110773303,-0.267885165298791,-2.01027389171358,0.182280599319573,2.26685038232548,0.259729479792829
-0.16340475174425,-0.121118098067568,-0.272292253470313,-2.00194773951615,0.187244084206597,2.26342833716448,0.25306459908624
-0.163987628636781,-0.12220214758745,-0.276678518540021,-1.99353486321613,0.192300279737785,2.26004179765066,0.24642942214771
-0.164559343911286,-0.12312356583423,-0.281040461847672,-1.98506282457666,0.197448359461186,2.25671171471254,0.23982855874738
-0.165111156475521,-0.123891010543217,-0.285379972622295,-1.97656008994082,0.202686140316172,2.25345907494171,0.233266894371609
-0.165654359037648,-0.124513427652583,-0.289679896236963,-1.96805570340487,0.208014470096239,2.25030433446887,0.226746798718765
-0.166192573777935,-0.125001031032531,-0.293930399244222,-1.95957944302872,0.213432380316122,2.24726791944332,0.220271231372452
-0.166715511541136,-0.125365529994072,-0.298134710554531,-1.95116178340418,0.218936107794686,2.24437056111406,0.213844417360397
-0.167224414692765,-0.12561891868943,-0.302285075688989,-1.94283335303753,0.224523380344117,2.24163237345388,0.207469073334765
-0.167716815342654,-0.125774230759423,-0.306377175849926,-1.93462528855441,0.230190918750276,2.23907343000193,0.201147891332062
-0.168189993714938,-0.125845142994058,-0.310406964935175,-1.9265688679787,0.235935063926498,2.2367135272812,0.194883108377897
-0.168647044063433,-0.125845599388079,-0.314364709241095,-1.91869513967724,0.241752706624503,2.23457178120226,0.188676204814041
-0.169082947273362,-0.125790527730648,-0.3182483182309,-1.91103546810159,0.247639123979408,2.23266746198399,0.182528953053053
-0.169499738555674,-0.125694674594559,-0.322049056861499,-1.9036203967678,0.253590518497147,2.23101883902521,0.176441978389965
-0.169892228350938,-0.125573380120743,-0.325764869494553,-1.89648020234917,0.259601639112474,2.22964403742327,0.170416318297823
-0.170254608545944,-0.125442251568335,-0.329394373543849,-1.88964462764527,0.265666921233908,2.22856061143567,0.164452561859796
-0.170623633706767,-0.125314829943429,-0.332896380445372,-1.88314200846654,0.27178847250676,2.22778392145412,0.158545844537674
-0.17094159934621,-0.125208767662558,-0.33631798023907,-1.87700060369509,0.27795130794479,2.22733185559105,0.152701898433153
-0.171203197981739,-0.125139140923279,-0.339657659446146,-1.87124675016643,0.28415018213259,2.22721935842501,0.146919448910824
-0.171402720891236,-0.125120513621018,-0.342914140488557,-1.86590547776302,0.290379709758961,2.22746083435471,0.141197079953581
-0.171544485150643,-0.125166542988572,-0.346077199719864,-1.86100004317933,0.296636677822284,2.22806904650138,0.135531527395331
-0.171612885845213,-0.125291017168305,-0.349155446664271,-1.8565519644232,0.30291454716213,2.22905635995045,0.129921298106035
-0.171601778708627,-0.125506484333126,-0.352149063129881,-1.8525806193904,0.309208869603454,2.23043346117903,0.124363204760864
-0.171504428487066,-0.12582462007068,-0.355059057829828,-1.84910313814676,0.315515618427937,2.23220985556845,0.118853703786055
-0.171313700221876,-0.126255969165055,-0.357887552452256,-1.84613420618789,0.321831280824028,2.23439330708884,0.113388568749178
-0.171023357178403,-0.126809939067448,-0.36063624233011,-1.84368592192795,0.328153091387461,2.23699022485972,0.107963034048189
-0.170626631366999,-0.127494596521888,-0.363307987565495,-1.84176748074488,0.334478881489904,2.24000515227822,0.102571887715366
-0.170117295607352,-0.128316763131167,-0.365905827594124,-1.84038532531404,0.340807317436003,2.24344098330528,0.0972093413362055
-0.169487932499825,-0.129281716017034,-0.368434687436003,-1.83954261542277,0.347137622470017,2.24729862811295,0.091869306463992
-0.168733033165513,-0.130393349254907,-0.370898444633077,-1.83923961634299,0.353470187004083,2.25157708595563,0.0865450248512924
-0.167845804018734,-0.131653935967075,-0.373303127732425,-1.83947311916004,0.359806030876965,2.25627332505748,0.0812294584019551
-0.166857395893248,-0.13306217863688,-0.375620533529092,-1.84023614105622,0.366154363950147,2.26138040454678,0.0759107467919442
-0.165785512600038,-0.134615885383467,-0.377835950690503,-1.84151860105038,0.372523067456889,2.26688978100857,0.0705779975248414
-0.164595903721604,-0.136314158841548,-0.379983560538636,-1.84330761308534,0.378910527659159,2.2727930588613,0.0652263746928527
-0.163244738146176,-0.138155235055971,-0.382107222249113,-1.84558701631231,0.385313572918585,2.27908018215512,0.0598522641517941
-0.161715958901821,-0.140134418925507,-0.38422606714947,-1.84833693557992,0.391734978801283,2.28573758383711,0.0544486112659332
-0.159324419859429,-0.142286459661595,-0.386974621578488,-1.85154402277471,0.398034150197972,2.29278559959956,0.0490960333132653
-0.157125621501427,-0.144540129588738,-0.389388765962003,-1.85516675202067,0.40444078872515,2.30015007181587,0.0436498231188345
-0.156420259008031,-0.146801506686987,-0.390285299730413,-1.85915454163544,0.411258003177704,2.30773296902455,0.0379211384002199
-0.154891610649034,-0.149203619929055,-0.39179792979988,-1.86350894848157,0.417987700051802,2.31563867104992,0.0322092520118355
-0.152970332021947,-0.151708500892546,-0.393540205699436,-1.86818768426944,0.424729672984286,2.32381806302358,0.0264495701104649
-0.148392129747067,-0.15445870107487,-0.397588971678445,-1.87319107190439,0.430949715921726,2.33238721263265,0.0209637934946633
-0.144026439766377,-0.157253167241758,-0.401330442196458,-1.87843067857816,0.43731445961973,2.34114300191625,0.0153434425033743
-0.139805376383001,-0.160080537215035,-0.404839958004841,-1.88386253298244,0.443819771962144,2.35005445154754,0.00958851324499909
-0.135676263428576,-0.16292816791938,-0.408179773973905,-1.8894397509837,0.450463659834139,2.35908737231395,0.00369815102140694
-0.131598836861419,-0.165782332849398,-0.411401443949843,-1.89511287992809,0.457245435524076,2.36820496523566,-0.00232881243912834
-0.127543069937202,-0.168628450873565,-0.414548113982758,-1.90082979722991,0.464165228291399,2.37736725536322,-0.00849363586477019
-0.123486616347934,-0.17145121297337,-0.417656800715413,-1.90653583152279,0.471223097654728,2.38653150342401,-0.014796768501064
-0.121021750328561,-0.172476944220212,-0.419692861583137,-1.90844684403703,0.473295476527145,2.38966231765733,-0.0167351901376037
-0.118765248447879,-0.173497479533468,-0.421522577018576,-1.91032804893874,0.475405519711474,2.39275261448537,-0.0186799480363802
-0.116679005140382,-0.174529513660684,-0.423166938596796,-1.91216321157787,0.477513537358611,2.39578555299863,-0.0205853655518734
-0.114730379623018,-0.175588723494107,-0.424642698622485,-1.91393742445293,0.479581880537104,2.39874563317471,-0.022408053514497
-0.112891254683229,-0.176689805500651,-0.425963316294954,-1.91563704408892,0.481575010739668,2.40161874993532,-0.0241070718450506
-0.111137238988678,-0.17784641488907,-0.427139608510594,-1.91724952690989,0.483459504276959,2.40439196281906,-0.0256439084827216
-0.10944716824178,-0.179071166838186,-0.428180296889106,-1.91876324722869,0.485203936377635,2.40705353280022,-0.0269823417605368
-0.107802583150088,-0.180375548631052,-0.429092345962444,-1.92016757008248,0.486778804157443,2.40959289177241,-0.0280884771209085
-0.106187387130943,-0.181769970375839,-0.429881326978615,-1.92145261460644,0.488156646187425,2.41200043624793,-0.0289306799504192
-0.104587508521544,-0.183263591229867,-0.43055173908604,-1.92260910236317,0.489312196972214,2.414267477549,-0.0294798917740983
-0.102990738542176,-0.184864390994686,-0.431107076282428,-1.92362833435241,0.490222255016244,2.41638615594604,-0.0297093452217635
-0.101386542141381,-0.186579003550567,-0.431550077900636,-1.92450191487029,0.49086589076573,2.41834927197362,-0.0295947731600399
-0.0997659438226932,-0.188412829333323,-0.43188265054117,-1.92522185141666,0.491224328059539,2.42015029325547,-0.0291142558325131
-0.0981214105666133,-0.190369842966197,-0.432106152659513,-1.92578038468307,0.491281232187218,2.42178323979014,-0.0282486246353998
-0.0964467715345006,-0.192452672724485,-0.432221353994396,-1.92616976778068,0.491022577179791,2.42324240130229,-0.0269810989741175
-0.0947371346559481,-0.194662487519266,-0.432228483995042,-1.92638234577509,0.490436861856555,2.42452261259853,-0.0252975437323407
-0.0929886621684289,-0.196999105115335,-0.432127477254549,-1.92641045332151,0.489514897464613,2.42561891924443,-0.0231863771391311
-0.0911992188915834,-0.199460802184729,-0.431917335120826,-1.92624626718355,0.488250264727387,2.42652648585137,-0.0206387008095894
-0.0893675958182795,-0.202044584384215,-0.431596762161683,-1.9258820547849,0.486638803614661,2.42724082750948,-0.0176480525931696
-0.0874936284920448,-0.204745902279014,-0.431164343733021,-1.92530959285895,0.484679287817492,2.42775744423897,-0.0142110135518552
-0.0855782728444327,-0.207558951887525,-0.430618054936756,-1.92452085378103,0.482372543826458,2.42807206840392,-0.0103263102700545
-0.0836234525235229,-0.210476648572328,-0.429955574904598,-1.92350758086102,0.479722094252051,2.42818059001957,-0.00599536014025338
-0.0816319993028319,-0.213490605030728,-0.429174494994144,-1.9222613557522,0.476733917176567,2.42807893316768,-0.00122218510078704
-0.079607521088413,-0.21659106760961,-0.428272147631014,-1.92077358873646,0.473416362884253,2.42776325344271,0.00398680513015604
-0.077554459167765,-0.219767442596078,-0.427245788958274,-1.91903576861188,0.469779897217818,2.42722982226792,0.00962291647524542
-0.0754778339831237,-0.223007981697217,-0.426092673583554,-1.91703936226986,0.46583730569811,2.42647512858058,0.0156749612540502
-0.0733832346638675,-0.226300062467979,-0.424810103911877,-1.91477590306412,0.46160324415908,2.42549607232426,0.0221298892667551
-0.0712766821672462,-0.229630140014283,-0.423395575962553,-1.91223702945407,0.457094297348242,2.42428975137016,0.0289723690274772
-0.0691644358226744,-0.232984063940643,-0.421846923419664,-1.9094145974476,0.452328751349087,2.42285370125699,0.0361852351263833
-0.0670530165808419,-0.236347126531178,-0.420162259331997,-1.90630073717689,0.447326172725123,2.42118587318149,0.0437498029749225
-0.064948931399912,-0.239704160904256,-0.418340249007892,-1.90288810036156,0.442107585151404,2.41928490959239,0.0516455585840281
-0.0628586830134403,-0.243039742220102,-0.416380043297086,-1.89916975999904,0.436694878850263,2.41714996709807,0.0598508312766502
-0.060502125571909,-0.246370821412557,-0.414527071316153,-1.89514773478317,0.430994803344419,2.41480997015112,0.0684139548755363
-0.058221809359411,-0.249643986255593,-0.412491839951044,-1.89080658175528,0.425164245009674,2.41223138517563,0.0772289875729416
-0.056014571499706,-0.25284449847474,-0.41028365583535,-1.88614155348015,0.419223827773724,2.40941632781919,0.0862731902553094
-0.053878357262042,-0.255957891044402,-0.40791116991912,-1.88114890179837,0.41319480616184,2.40636781372017,0.0955228751201539
-0.0518119814205693,-0.258969936662508,-0.405382665378287,-1.87582573666763,0.407098566784412,2.40308957553037,0.104953856556375
-0.0498146365778811,-0.261866841534888,-0.402706437131519,-1.87017018474888,0.400956379826242,2.39958618449827,0.114541634776783
-0.0478859605991495,-0.264635471932277,-0.3998907067038,-1.86418163107915,0.394789183597751,2.39586317226753,0.124261560028574
-0.0460257463511415,-0.267263170864097,-0.396943812948326,-1.85786030591502,0.388617349079121,2.39192674355512,0.134089223295946
-0.0442338822545303,-0.2697383564161,-0.393874267579758,-1.85120809282222,0.382460439724086,2.38778422466936,0.144000379693193
-0.0425096978369385,-0.272050135675823,-0.390691283187576,-1.84422780966521,0.376337045592014,2.38344376047933,0.153971332076932
-0.0408534253342189,-0.274188639235798,-0.387403532031608,-1.83692382188597,0.370264980704435,2.37891428241538,0.163978739926231
-0.0392604272838399,-0.276145667631004,-0.384023699994779,-1.82930201960218,0.364258787414127,2.37420606934662,0.174001332672391
-0.0376848119391219,-0.277918787238659,-0.380598489120004,-1.8213707772962,0.358313421423799,2.3693341289235,0.184029647776536
-0.0361218423946582,-0.279501984388673,-0.377140399219919,-1.81313881058918,0.352440742787263,2.36431015109004,0.194044101771793
-0.0345638474894424,-0.280890686760427,-0.373664374573341,-1.80461630100672,0.346650212081671,2.35914679260526,0.204026573425111
-0.033000710623467,-0.282081791169226,-0.37018713651792,-1.79581503153723,0.340949031526066,2.35385775488119,0.21396052014303
-0.0314222115230227,-0.283073533907134,-0.36672541656676,-1.78674827952339,0.335343008875486,2.34845712509293,0.223830430947192
-0.0318204337466704,-0.283641578744041,-0.361682066095457,-1.77737955553975,0.330743678675752,2.34278299459606,0.23307780134847
-0.0320273426582312,-0.28403241765116,-0.35682242997781,-1.76778170606444,0.326176970005244,2.33704601227345,0.242278161240329
-0.0320823107180677,-0.284242047621418,-0.352121202268057,-1.7579709471022,0.321666878367565,2.33125724017092,0.251405724967654
-0.0320183779864442,-0.284268674159233,-0.347558465995392,-1.74796526745831,0.317233793441232,2.3254289017557,0.260437184494931
-0.0318629465900701,-0.284112500153577,-0.343118859017202,-1.73778415833245,0.31289468033146,2.31957424404315,0.269351684027876
-0.031638755455377,-0.283775582409104,-0.338790732209089,-1.72744855752575,0.30866356675385,2.31370728801389,0.278130654259989
-0.0313645689373475,-0.283261751509082,-0.334565586879889,-1.71698103959943,0.304551986840259,2.30784295598746,0.286757239864938
-0.0310559078613172,-0.282576320361798,-0.330437311902736,-1.70640537091547,0.300569306556658,2.30199673492524,0.295216476930677
-0.0307256282742448,-0.281726272199406,-0.326401713838175,-1.69574687338523,0.296722892427761,2.29618480459977,0.303494853454083
-0.0303843152613566,-0.280719855739227,-0.322456167002055,-1.6850319054472,0.293018620530616,2.29042363000626,0.311580241124682
-0.0300404077245014,-0.279566765398277,-0.318599423255433,-1.67428811713394,0.289460699017546,2.28473014284224,0.319461875490309
-0.0299461482617807,-0.278254562568856,-0.314638850083484,-1.66353881702014,0.286159192838127,2.27910343930027,0.327068457861117
-0.0298368238226906,-0.276821476909494,-0.310787188074915,-1.65281967210662,0.282997162601356,2.27358153598629,0.334460363965744
-0.0297564405543774,-0.275276530549758,-0.307014245513046,-1.64216007885802,0.279992862400293,2.26817894856089,0.341620065762288
-0.0296645430528403,-0.273637530648909,-0.303355358338457,-1.63159219696306,0.277127635285201,2.26291649883381,0.348551588944202
-0.0295681126168592,-0.271918400154105,-0.299808501178596,-1.6211475461409,0.274403273785899,2.25781134533415,0.355247536775062
-0.0293028635582201,-0.270148448641477,-0.296504382526878,-1.61086144732921,0.271748724915759,2.25289216708256,0.361742168011187
-0.0292272031216998,-0.268312431434976,-0.29316662915811,-1.60075927627261,0.269314421314404,2.2481518322239,0.367944851333298
-0.0291667439063816,-0.266441954592864,-0.289933216869229,-1.59087714596726,0.267024003797807,2.24361957151902,0.373893892156647
-0.0291101057020878,-0.264554013738035,-0.286814793971706,-1.58124722028696,0.264870847965993,2.23931272694506,0.379588351951574
-0.0290725669734256,-0.262664190405519,-0.283800875572082,-1.57190157478467,0.262859137804907,2.23524668368872,0.385021613353813
-0.0290429342015025,-0.260789891014506,-0.280901191113324,-1.5628717660938,0.260982112103314,2.23143779512959,0.390193629990723
-0.0290033489548317,-0.258948785323605,-0.27813022081283,-1.55418871115909,0.259230394793111,2.2279022563571,0.395106228392445
-0.0288525828072346,-0.257164672745385,-0.27556674364252,-1.54588378684448,0.257560977450997,2.22466031471813,0.399779892511019
-0.0286991101291319,-0.255444817149313,-0.273126591836626,-1.53798350481453,0.256016204080767,2.22171867859699,0.404188772168934
-0.0286059263382844,-0.253799712231846,-0.270760704862046,-1.53051351154763,0.254619292310607,2.21908594985226,0.408318197170354
-0.0285646632353132,-0.252244472269538,-0.268475007685889,-1.52349875373123,0.253364529590058,2.2167739487551,0.412169859413692
-0.0284648588739936,-0.250800819784118,-0.266354060687465,-1.51696412352354,0.252205724684641,2.21479930101036,0.41576777761024
-0.0283542780580637,-0.249477685436326,-0.264359739108403,-1.51092903668908,0.251160234128827,2.21316760205429,0.419101995128596
-0.0281899928188556,-0.24828941967783,-0.262523830608067,-1.50541203987388,0.250209286252755,2.21188850176143,0.422182598306917
-0.0279651466846558,-0.24724647763977,-0.260849945137214,-1.50042802445139,0.249348522163754,2.21096781386859,0.425012463164828
-0.0277015096537766,-0.246355838889901,-0.259319345235937,-1.49598815307457,0.248584812996572,2.21040791411939,0.427589049704271
-0.027829359845411,-0.245595592570258,-0.257597096254417,-1.49209386449367,0.248084982501976,2.21018690845736,0.42982521775461
-0.027881279406845,-0.24500327790011,-0.256042466362137,-1.48875742804857,0.247663752196923,2.21033082836438,0.431822466110203
-0.027869659159995,-0.244581707363156,-0.254643145704561,-1.48597947805702,0.24732438070669,2.21083692927638,0.433582312112188
-0.027882075499706,-0.244327079739338,-0.253328583914481,-1.48375571333211,0.247099411546282,2.21169621279164,0.435091225495867
-0.0278305823714191,-0.244245405103381,-0.252163691750887,-1.48208049186522,0.24695262640611,2.21290715316518,0.43637307008439
-0.0276894592316285,-0.244336784687043,-0.251164819447975,-1.48094317270623,0.246871768270886,2.21446255165597,0.437439748126096
-0.0274856688457655,-0.244596176377332,-0.250307452302486,-1.48032836147848,0.246865070156595,2.2163503277822,0.438293011434004
-0.0272089768379685,-0.245019100950773,-0.249595299373383,-1.48021696883957,0.246925569771179,2.21855802667779,0.438943695139708
-0.026867525529974,-0.245598304864067,-0.249017586533234,-1.48058567819414,0.247053298097658,2.22107009028137,0.439399768612361
-0.0264726665537724,-0.246324522683012,-0.248560719722451,-1.48140698487274,0.247249019479897,2.2238684968663,0.439669677018214
-0.0260279877215736,-0.247187706790513,-0.248216550663624,-1.48264987255991,0.247509797161368,2.2269334813269,0.439764775058013
-0.0255304312846353,-0.248176621662527,-0.247981647153879,-1.48427951202752,0.24782956083172,2.23024355538948,0.439699170451521
-0.0249942690428063,-0.249277636302008,-0.247838665695934,-1.48625734929608,0.248208363749104,2.2337742565988,0.439484656602362
-0.0244130514399059,-0.250477011436786,-0.247785744926609,-1.48854112860941,0.248637228094956,2.23749981125964,0.439138937809711
-0.0237937346414234,-0.251759335387042,-0.247809965456178,-1.49108580650391,0.249111477932649,2.24139224881688,0.438678572005538
-0.0231370116353899,-0.253108307914162,-0.24790276910298,-1.49384254862706,0.249623129080096,2.24542146896499,0.43812283113075
-0.0224447810377011,-0.254506585234065,-0.248053919154909,-1.49675966990422,0.250163564415773,2.24955567966607,0.437492784347759
-0.0217226609527338,-0.255935884466037,-0.24824962510274,-1.49978244387192,0.250724377418272,2.25376086113295,0.436810457097457
-0.0209702803338734,-0.257377382444876,-0.248479995894123,-1.50285313589766,0.251293650271637,2.25800142693389,0.43610106610309
-0.0205153224218648,-0.25741136665654,-0.248822736737074,-1.50286479617364,0.251097602430563,2.25803049149089,0.436210027317977
-0.020148338995615,-0.257456220533731,-0.249065037658211,-1.50289684221987,0.250907129090427,2.25806791895474,0.436338419683507
-0.0198506015331544,-0.257529074590224,-0.249190186559399,-1.5029702640567,0.250685040862047,2.25812751269343,0.436527272269892
-0.0196079645504534,-0.257645697285473,-0.249179830343258,-1.50310455829592,0.250397806393357,2.25822200100071,0.43681440525069
-0.0194068519461973,-0.257820885059574,-0.249017059131939,-1.50331814405997,0.250013933525271,2.25836339177206,0.437235294296182
-0.0192349641537297,-0.258067915298646,-0.248686162851409,-1.50362725810059,0.249504500911098,2.25856225247215,0.437822749879243
-0.0190847478120119,-0.258398955480256,-0.248169519438227,-1.50404737840431,0.248844286522185,2.25882847040247,0.438606485763676
-0.018945431532721,-0.258824965545084,-0.247453997036272,-1.50459198993979,0.248008626426906,2.25917082462751,0.439614846013451
-0.0188087924478851,-0.259355556378077,-0.246526393391506,-1.50527311351102,0.246975814410143,2.25959707962491,0.440873421954998
-0.0186675088752876,-0.259998992886236,-0.245374763545645,-1.50610107366138,0.245726331237803,2.26011379979425,0.442405650588752
-0.0185153374923805,-0.260762052334432,-0.243988129415097,-1.50708436272203,0.244242952623928,2.26072644746634,0.444232941715394
-0.0183467107354663,-0.261650203671266,-0.242356873257258,-1.50822991926682,0.242510468809511,2.26143943160533,0.446374496901941
-0.01815689402975,-0.262667297215392,-0.240472617822219,-1.50954253288073,0.240515963559117,2.2622556856231,0.44884759196533
-0.0179422977069649,-0.263815829283948,-0.238327784502084,-1.51102553409787,0.238248582455776,2.26317727276418,0.451667483700023
-0.0177004053982184,-0.265096773495374,-0.235915817637624,-1.51268019212562,0.23569975522045,2.26420478572318,0.454847445616601
-0.0174291583504059,-0.266509547995708,-0.233231426050975,-1.51450595891359,0.232862737922089,2.26533776968847,0.458399011367258
-0.0171273651515609,-0.26805221308316,-0.230270357385255,-1.51650057631729,0.229732764558873,2.26657456772161,0.462331820428152
-0.0167945715576254,-0.269721390652792,-0.227029303625174,-1.51865990891749,0.226306910946495,2.26791230355189,0.466653901221733
-0.0164288231397574,-0.271512415238408,-0.223507661622347,-1.52097815637523,0.222583153297014,2.26934720002864,0.471371945700105
-0.0160316574084006,-0.273419191040787,-0.219703588120441,-1.52344785493735,0.218562396479869,2.27087423947919,0.476490347329216
-0.0156039679665638,-0.275434474669468,-0.21561704661094,-1.526060009358,0.214246514906197,2.27248749281057,0.482012279280028
-0.0151518809938347,-0.277549453167802,-0.211245391481942,-1.52880387707207,0.209641075843614,2.27417975653916,0.487938105708754
-0.0146709608421205,-0.279755014598056,-0.206595064414048,-1.53166769742767,0.204748012978657,2.27594371605689,0.494269424473648
-0.0141969213097196,-0.282038714736679,-0.201643427347794,-1.53463779649563,0.199588581390784,2.27776915264573,0.500996409987189
-0.0136946991732282,-0.28439142039232,-0.196422227533187,-1.5377002436113,0.194153064167452,2.27964878980423,0.508125452579639
-0.0131742440624399,-0.286800622920101,-0.190930120637635,-1.54083958110628,0.18845281133496,2.28157252475704,0.51565061402276
-0.0126410633430036,-0.28925357741878,-0.185170047536329,-1.54403965884187,0.182498099507903,2.28353003427777,0.523565590296957
-0.0121191601410108,-0.291735741549268,-0.179131847563398,-1.54728299959738,0.176308599287244,2.28550969237514,0.531858072776589
-0.0115911259973201,-0.294234754800241,-0.172837128872105,-1.55055240491212,0.169885309925237,2.28750162665402,0.540525180521867
-0.0110656989092353,-0.296736344526858,-0.166288467586373,-1.55382956062658,0.163242000322757,2.28949440188205,0.549556140054943
-0.0105355405211166,-0.299227121810804,-0.159501049022288,-1.55709647918303,0.156385127755021,2.29147739306571,0.558943259009479
-0.0100260224059316,-0.301691779404303,-0.15246610447052,-1.56033417533312,0.149337252409478,2.29343836919675,0.568669018391844
-0.00953846986156775,-0.304116514437188,-0.14519329579887,-1.56352417823757,0.142109829638991,2.29536633163107,0.578721134760861
-0.00907261336563679,-0.306487629359512,-0.137693812781834,-1.56664817611047,0.134713759718958,2.29725063390011,0.589086792123133
-0.00862924957600242,-0.308791762687051,-0.129978336338272,-1.56968797930414,0.127160417066435,2.29908056586346,0.599752008044452
-0.0082157002064215,-0.31101558040965,-0.122053016963445,-1.57262583912804,0.119464703577485,2.30084569869943,0.610699948087414
-0.00783542768129025,-0.313146423407299,-0.113927104829216,-1.5754445402129,0.111639563448299,2.30253606433229,0.621914051142569
-0.00747683195128519,-0.315172709082966,-0.10562114295373,-1.57812763454045,0.1036903456427,2.30414263962493,0.633381250074994
-0.00715190856722918,-0.317082610491673,-0.0971384038599355,-1.58065920940071,0.0956341353027926,2.30565612009495,0.645081052540738
-0.00684697162700934,-0.318865753055918,-0.0885013224607312,-1.58302441419748,0.087475121232668,2.3070685468737,0.656999533304575
-0.0065249106871117,-0.320513152335361,-0.0797496361025946,-1.58520951228797,0.0792051945167715,2.30837280508431,0.669129103980986
-0.00624861568874492,-0.32201368437114,-0.0708493887717922,-1.58720113654875,0.0708669117820122,2.30956033311982,0.681432745595294
-0.00598541699267347,-0.323359862521335,-0.0618372224055128,-1.5889877937556,0.0624542079535181,2.31062533676185,0.693900447871952
-0.00573869051523714,-0.324544025447801,-0.0527233472567906,-1.59055868078538,0.0539792688380542,2.31156180880084,0.706511280208336
-0.00550310163220014,-0.325559578771601,-0.0435242876968507,-1.59190451769718,0.0454494926800222,2.31236472840161,0.719246600440568
-0.00527844904106431,-0.326400968656889,-0.0342529616010209,-1.59301742116075,0.0368750031438139,2.31302971714565,0.732085781196803
-0.00506848640501337,-0.327063370575153,-0.0249193280936369,-1.5938906902081,0.0282676468352371,2.31355318336345,0.745006894145345
-0.00487084306257299,-0.327543224661828,-0.0155379269348734,-1.59451918610065,0.0196361904890532,2.31393229796245,0.757989378319
-0.00464922797293716,-0.327838009462812,-0.00614821178509816,-1.59489921251505,0.0109715877469095,2.31416520570665,0.771022847079105
-0.00445893426985697,-0.327945920877221,0.00327761565834237,-1.59502841011391,0.00231231452326603,2.31425041580143,0.784069345996651
-0.00431117525787079,-0.327866665417983,0.012735051752181,-1.59490616987739,-0.00632607228794747,2.31418777883264,0.797104074685521
-0.00418535188743276,-0.327601121831155,0.0221960474867791,-1.59453334343118,-0.0149444429765098,2.31397785503196,0.810111636684761
-0.00404716541229871,-0.327150581234075,0.0316226540345373,-1.5939120105535,-0.0235509050386678,2.31362182280752,0.823080914131726
-0.00391661681421447,-0.326517891125797,0.041016766621972,-1.59304601215527,-0.032125297675617,2.31312177007051,0.835984659632198
-0.00380908455446669,-0.325707018570195,0.050376951918714,-1.59194057358626,-0.0406498094255443,2.31248078575677,0.848797221569763
-0.00369952117071115,-0.324722341500502,0.0596720776661005,-1.59060222218496,-0.0491275228897328,2.31170229497833,0.86150520675979
-0.00360034433863279,-0.323569899370604,0.0688986007519358,-1.58903905140964,-0.0575419818656134,2.31079088219739,0.87408435805498
-0.0034269478811165,-0.322254250837939,0.0779814529554326,-1.5872599950124,-0.0659262456384841,2.3097501771194,0.886539147058038
-0.00323312260281993,-0.320783850666944,0.0869476978486378,-1.58527577178964,-0.0742422406950376,2.30858672608911,0.898833853908063
-0.00303855669112996,-0.319167607897234,0.0957993298505839,-1.58309828636312,-0.0824694834920522,2.30730743512991,0.910943326173497
-0.0028110284609065,-0.317413837616714,0.104500020723958,-1.58074027938118,-0.0906134558268427,2.30591871604736,0.922857819131235
-0.00255215007419412,-0.315532484648925,0.113038636276104,-1.57821577440404,-0.0986624936981403,2.30442834547638,0.934558527303018
-0.00226478185371463,-0.313534253775882,0.121404919011023,-1.57553959460294,-0.106603960860765,2.30284464721686,0.946026614305111
-0.00194770196062761,-0.311430445337036,0.129585846705821,-1.57272757858206,-0.114427261987554,2.30117651134528,0.957245283814546
-0.00160289025835272,-0.309233169024503,0.137570846065011,-1.56979633502841,-0.122120122081558,2.29943331211458,0.968197505448741
-0.00123293952407755,-0.306954978555966,0.145350020621906,-1.56676299445106,-0.129669870622083,2.29762498340522,0.978866773316491
-0.000832690053811398,-0.304608580889678,0.152907968978661,-1.56364521068381,-0.137067764963906,2.29576149139575,0.989239788219899
-0.000403483485842301,-0.302207355235685,0.160234302419689,-1.56046105820883,-0.144301690728583,2.29385333971387,0.999302050686412
5.59125947183362e-05,-0.299764795864764,0.167317059227023,-1.55722897287174,-0.151361061459148,2.29191129381951,1.00904083426744
0.000578102928745928,-0.297292818252963,0.174121200255044,-1.55396684117138,-0.158250303212459,2.28994467622859,1.01845269356939
0.00113926714081586,-0.2948064897544,0.180654121551672,-1.55069361490198,-0.164946982233041,2.28796551976927,1.02752010476121
0.00174226387719944,-0.292319242040779,0.186903815609662,-1.54742730158484,-0.171441855202679,2.28598444551461,1.03623364460915
0.00235883513015543,-0.289846375923452,0.192882101068606,-1.54418646137973,-0.17771135926329,2.28401361112192,1.04457699219458
0.00301799345706806,-0.287399461363722,0.198558610802994,-1.54098801756927,-0.183759633971577,2.28206235361491,1.05255010958843
0.0037202654994494,-0.284991517827372,0.203924813320218,-1.53784914075109,-0.189577666835667,2.2801409749529,1.06014639822482
0.00443224219985592,-0.282636919114076,0.208998608365443,-1.53478631853492,-0.195141754489189,2.27826110590121,1.06735212096157
0.00511319403426986,-0.280350265481391,0.213804369646575,-1.53181568785478,-0.200426236972624,2.27643441860067,1.07415340415035
0.0058565422140402,-0.27813681263636,0.218266221670919,-1.5289500715015,-0.205466976443415,2.27466524391214,1.08057089454838
0.00661615292830295,-0.276009804600404,0.222414521914308,-1.52620334490009,-0.210237522790822,2.27296418220126,1.08659188376077
0.00739850179166525,-0.273978246018366,0.226241110270747,-1.52358733506764,-0.214736389709273,2.27133854189881,1.09221817004241
0.00818735260056217,-0.272051512228932,0.22975615722153,-1.52111275520837,-0.218953223576363,2.26979595327708,1.09744744371486
0.00897813014789377,-0.270237226354687,0.232962366436751,-1.51878880366132,-0.222884242080553,2.26834266273357,1.10228179187136
0.00976451485121628,-0.268541920174901,0.235865169818951,-1.51662306145945,-0.226526391381252,2.26698397525917,1.10672444767807
0.0105384612592442,-0.266970970942984,0.238472764570034,-1.51462151515698,-0.229877341001401,2.26572433388945,1.11077979813419
0.0112917858983543,-0.265528415448733,0.240795017564273,-1.51278836947579,-0.2329363537209,2.26456709050729,1.11445383411376
0.0120195171773598,-0.264216776313048,0.242840959619898,-1.51112612632103,-0.235705717731542,2.26351437249259,1.11775498668658
0.0127151191174188,-0.263037243959555,0.2446224538299,-1.50963545870967,-0.238188719188424,2.26256729237862,1.12069290049811
0.0133778493723384,-0.261989192918505,0.246148695299948,-1.50831514251588,-0.240392891679756,2.26172541345908,1.12328038870125
0.0140029173424119,-0.261070815371145,0.247433730181548,-1.50716207536401,-0.242325799622707,2.26098732827684,1.12553095658044
0.0145881511619005,-0.26027876193498,0.248491337800208,-1.50617152023353,-0.243997800487172,2.26035048368083,1.12746055560246
0.0151315482859211,-0.25960822254551,0.249337035699806,-1.50533681536714,-0.24542120329592,2.25981110197249,1.12908699005587
0.0156316815289568,-0.2590529602755,0.249987741224738,-1.50464952314162,-0.246610318654228,2.25936419634405,1.13043002310227
0.016086181088515,-0.258605450676853,0.250462977078689,-1.50409951839218,-0.247580911686597,2.25900379284108,1.13151120097008
0.0164948150445864,-0.258256702528082,0.250782478177356,-1.50367495573084,-0.248351404372067,2.25872272052535,1.13235440406013
0.0168581074092648,-0.257996483142953,0.250967327207554,-1.50336247404513,-0.248942383848466,2.25851278115535,1.13298581513671
0.017176460839216,-0.257813248855514,0.25104059255417,-1.50314701513685,-0.249376199952935,2.25836474622633,1.13343360069393
0.0174524647754153,-0.257694246546692,0.251025615566501,-1.50301212113233,-0.249677946674212,2.25826837383872,1.13372859357631
0.0176890669112637,-0.257625489999074,0.25094738824591,-1.5029397710279,-0.249874684039999,2.25821241944687,1.1339038864699
0.0178882644110225,-0.257592032158452,0.250833570789706,-1.50291065901927,-0.249994899935376,2.25818492869329,1.13399459399082
0.0180538578701708,-0.257577724979382,0.250712457480815,-1.50290404141851,-0.250069797504783,2.2581729164297,1.13403858529466
0.0185240465250334,-0.256154295490405,0.250699852550741,-1.4998377402577,-0.249391029265886,2.25394743425531,1.13327154555377
0.0190570016226754,-0.254736550790639,0.250650993925075,-1.49681779739065,-0.248760812619432,2.2497517807149,1.13255325717554
0.0196516274808547,-0.253343416188769,0.250576650273327,-1.4939017055118,-0.248189485715091,2.24562160330686,1.13190783720223
0.0202963510338895,-0.25199397852775,0.250495058084439,-1.49114469244725,-0.247682096343573,2.24159159089862,1.13135550350682
0.0209795168437536,-0.250706083331497,0.250423761484541,-1.48859837644884,-0.247242623592671,2.23769416644758,1.13091457227847
0.0216826569836157,-0.249497455263383,0.250384886778692,-1.48631204152574,-0.246871279997339,2.23396043436915,1.1306003533509
0.0224062757096921,-0.248383208257145,0.250385405445794,-1.48433089232588,-0.246575122075819,2.23041829259378,1.13043048315747
0.0231335316412379,-0.24737842274046,0.250445098398036,-1.48269712729144,-0.246353548186367,2.2270945194864,1.13041757080336
0.0238779402556888,-0.246495013275992,0.250559787060304,-1.48144906412925,-0.246217316641647,2.22401221224039,1.13057915438613
0.024669993717532,-0.245742415365161,0.250711682187697,-1.48062113961783,-0.246183204324149,2.22119141766752,1.13093499254565
0.0253976750392326,-0.245137813959133,0.250992414294163,-1.4802461011619,-0.246210994132515,2.21865779065449,1.13147362789796
0.0260942587897272,-0.244687411335528,0.251381259714623,-1.48035069822543,-0.246317802207549,2.21642684544417,1.1322130662655
0.026777414457816,-0.244396709932202,0.251869042099097,-1.48095781762166,-0.246513941138784,2.21451268327577,1.13316677929668
0.0274456939708981,-0.244270751360528,0.252460981838641,-1.48208663793414,-0.24680189196145,2.21292826703898,1.13434323918893
0.0280036841213773,-0.244319021377003,0.253234643694786,-1.48375375501274,-0.247147037643139,2.21168950516218,1.13573043822007
0.0285490900801725,-0.244536567293375,0.254117976244636,-1.48596860911943,-0.247590134141031,2.2107994402693,1.13735538685138
0.02907901099063,-0.24492316186429,0.255116439296763,-1.48873814928786,-0.248132337534493,2.21026445069243,1.13922347808928
0.0295868335838722,-0.245477167098433,0.25623802343297,-1.49206551087057,-0.248773231479022,2.21008902949984,1.14133844056999
0.0296915185133568,-0.246220467400333,0.257780133723626,-1.4959558576179,-0.249365372815048,2.21029649012493,1.14362460340098
0.0298767727163114,-0.247115163823495,0.259371090136367,-1.5003968203716,-0.250099949409961,2.21086003918608,1.14618654649347
0.0301286023429186,-0.248154927656514,0.261023830138086,-1.50538029568155,-0.250973361971536,2.21177838590241,1.14902423921934
0.0304251869960823,-0.249332303189663,0.262757108453436,-1.51089479103532,-0.251979134061714,2.21304888579012,1.15213550191914
0.0307266136603232,-0.250640056386646,0.264603425052756,-1.51692637962221,-0.25310345792157,2.21466831629986,1.15551361507047
0.0310282163511896,-0.252066999103208,0.266567813001688,-1.52345726553588,-0.254346526136312,2.21662978914091,1.15915877224478
0.0313606628690439,-0.253598404922827,0.268627628780356,-1.53046658908645,-0.255722548305528,2.21892283302789,1.16307821580968
0.0315797951529669,-0.255231120919238,0.270895421802316,-1.53793381404718,-0.257175757439368,2.22154588455081,1.16724049820331
0.0318407281239032,-0.256939523623763,0.273251617314796,-1.54583159166859,-0.258770307610615,2.22447866601709,1.1716790288903
0.0319809873402255,-0.258720703908624,0.275822411152004,-1.55413593852419,-0.260442410216857,2.22771866525979,1.17635676059884
0.0322262196122568,-0.260541897848266,0.278432825931984,-1.56281458566307,-0.262285540010349,2.23123872112399,1.18132250509009
0.0324399932452141,-0.262397294991602,0.281188315490979,-1.57184020836937,-0.264246457888233,2.2350328365442,1.18654401387927
0.0326177101217059,-0.264271034649302,0.284091724042789,-1.58118235628138,-0.266325022489547,2.23908652576161,1.19201773512251
0.0327583112727632,-0.266146833262812,0.287142898504362,-1.59080956749784,-0.268522498600884,2.24338416438944,1.1977404392282
0.0328505326358386,-0.268009291243947,0.290349181999013,-1.60069010958293,-0.270835856553768,2.24791043707125,1.20370598423034
0.0328950091929787,-0.26984222947406,0.293708431107224,-1.61079168897282,-0.273266814990257,2.25264877726476,1.20991052045138
0.0328934261074662,-0.271629610458959,0.297217283670654,-1.62108181802778,-0.275817492953689,2.25758219522699,1.21634998907921
0.0328965002727911,-0.27335156815168,0.300833706360807,-1.63152725618068,-0.278510773211228,2.26268998123948,1.22303174842463
0.0328688799055484,-0.274995926702084,0.304582425291378,-1.64209640983451,-0.281333036701753,2.26795699062301,1.22994212764249
0.0326023753968257,-0.276567358427348,0.308623092579576,-1.65276206360807,-0.284195134176624,2.27338087995277,1.23702348168941
0.0325945852427716,-0.278006714358051,0.312562866825369,-1.66348270692839,-0.287313058179378,2.27890794875401,1.24439291034758
0.0326072649425282,-0.279322098182082,0.316583661594353,-1.67423266777675,-0.290585079311766,2.28453730797998,1.25198518575749
0.0326034336804468,-0.280504664436769,0.320709962975091,-1.68498318940173,-0.293995616173943,2.2902540515245,1.2597838209393
0.032587884088809,-0.281542533195725,0.324933149745801,-1.69570521371849,-0.297546646478027,2.29604000050049,1.26778205160889
0.032565059666446,-0.282424938096159,0.329244452733223,-1.70637104107725,-0.301239752959657,2.301877373024,1.27597251137069
0.0325392671940498,-0.283141966386928,0.333634809038011,-1.71695382255531,-0.30507591514754,2.30774843229289,1.28434707466475
0.032145238042992,-0.283723076196438,0.338388416213433,-1.72743658263824,-0.308890321655285,2.31366580873277,1.2927994571815
0.0318315455234243,-0.284115834037518,0.343143889230335,-1.73778488527553,-0.31288057011974,2.31957677532084,1.30143629650142
0.0315891698108559,-0.284314591961246,0.347901299795615,-1.74797579346672,-0.317040542532981,2.32546518402842,1.31024435914786
0.0314111642915536,-0.284314847737166,0.352658838789327,-1.75798756148981,-0.321364032988182,2.33131476956012,1.31921008714539
0.0312926738586957,-0.284113244805222,0.357412696152308,-1.76780016054035,-0.325844824434018,2.33710991449275,1.32831955959887
0.0312303969184136,-0.283707420901379,0.362157638198376,-1.77739466081003,-0.33047666286888,2.3428350637111,1.33755841982536
0.0312230265037989,-0.283096037011712,0.366886485151433,-1.78675344672136,-0.335252852499598,2.3484749483239,1.34691169812653
0.031270436823996,-0.282279028110239,0.37159098254919,-1.7958605914511,-0.340166319024168,2.35401479606909,1.35636396851496
0.0313734785699167,-0.28125743619214,0.376261867944274,-1.80470145150573,-0.345209324987565,2.35944030212087,1.36589910887863
0.0316275800488361,-0.280022576681064,0.380812470798892,-1.81326033440691,-0.350415561077777,2.36472875868916,1.3755258139469
0.0319178541803029,-0.278591315359247,0.385327316246551,-1.82152871870348,-0.355722479601205,2.36987774320618,1.38519440532682
0.0322581172877187,-0.276966913560782,0.389786359025249,-1.82949595536323,-0.361124542850412,2.37487351645001,1.39488945819835
0.0326593914852174,-0.275154342477339,0.394171550801034,-1.83715327012744,-0.36661356766294,2.37970347543586,1.40459378394734
0.0310809453712779,-0.273405751796543,0.400164548877328,-1.84455086369214,-0.371265754324651,2.38455466063818,1.41373130030219
0.0300049371256479,-0.271434357810053,0.405710793681223,-1.85161382552237,-0.376179298629206,2.38917908527454,1.42295846366284
0.0293539860697238,-0.269257032922302,0.41086232114329,-1.85833950242106,-0.381302565980152,2.39357381250523,1.43223218416013
0.029069351316766,-0.266890172980815,0.415656597180615,-1.86472613868303,-0.386590844751568,2.39773497647732,1.44151355019001
0.0291049386686001,-0.264349794661252,0.420121032512116,-1.87077304950823,-0.392003831255611,2.40165887277282,1.45076609094824
0.0294247114758408,-0.261652006282091,0.424275486135641,-1.87648050662851,-0.397504522236744,2.40534169838333,1.45995565821324
0.0300002198401861,-0.258812858562446,0.428133880088434,-1.88184984204166,-0.403058515059745,2.4087800547812,1.46904953366866
0.0308088594220052,-0.255848581963802,0.431705895203171,-1.88688340477982,-0.408633182502719,2.41197107375652,1.47801658078166
0.0318322522042988,-0.25277548531031,0.434998219222321,-1.8915844304052,-0.41419752717683,2.41491229555018,1.48682689244811
0.033055132804055,-0.249610043130067,0.438015314663227,-1.89595710518223,-0.41972133934671,2.41760210910733,1.49545129198308
0.0344643757994735,-0.246368848482444,0.440760548800698,-1.90000641145517,-0.425175481899016,2.42003948737826,1.50386184564902
0.0360426313735374,-0.24306922001633,0.443241422943896,-1.90373826662173,-0.430529327761618,2.42222477618461,1.51203017948717
0.037783853452247,-0.239727237505473,0.445456325670533,-1.90715915510001,-0.435757416399552,2.4241581283233,1.51993170368392
0.0400081019517764,-0.236320049441392,0.447121981790817,-1.9102663841794,-0.440964039290072,2.42580725985834,1.52762236661321
0.042315428539665,-0.232910934732388,0.448577352806531,-1.91307898322871,-0.445965967665842,2.42721373872327,1.53498173650182
0.0447051743353961,-0.229514557936971,0.449818407784449,-1.91560479167209,-0.450743536089977,2.4283793430287,1.5419908687462
0.0471744838570166,-0.226145387623487,0.450843600174962,-1.91785205608657,-0.455277296830123,2.42930652875731,1.54863179620861
0.049718673090015,-0.22281725985194,0.451653638280904,-1.91982905885254,-0.459549088149616,2.42999839520084,1.5548882129495
0.0523312652878826,-0.219543691507592,0.45225133514853,-1.92154452693116,-0.463541518797624,2.43045859383903,1.56074513462437
0.0550029614314206,-0.216337566599149,0.452642630853493,-1.92300732388426,-0.46723825018044,2.43069159858371,1.56618923012254
0.0577248982647345,-0.213210640326709,0.452833752523336,-1.92422626393594,-0.470625212412455,2.43070195830152,1.57120946863213
0.0604862040004765,-0.210173859072801,0.452833398832807,-1.92521018884559,-0.473689997984096,2.43049471471193,1.57579686953033
0.0632753463677549,-0.207237058912897,0.452651506517225,-1.92596791527748,-0.476422242192394,2.43007522109065,1.57994469330978
0.0660802180067218,-0.204408844679277,0.452299221754504,-1.92650817698979,-0.478814010695576,2.42944906822421,1.58364874189148
0.0688886983145349,-0.201696545870302,0.451788477457477,-1.92683953408124,-0.48085974317274,2.42862196495117,1.58690735738196
0.0716884987479244,-0.199105995684506,0.451132007071313,-1.92697031364907,-0.482556567790252,2.42759976834397,1.58972153373081
0.0744676330543593,-0.196641763978411,0.450342989674841,-1.92690886581769,-0.483904161519654,2.42638857692833,1.59209489521099
0.0772145860373842,-0.19430701128114,0.449434849621147,-1.92666347113455,-0.484904719567923,2.4249946407313,1.59403375482987
0.0799184709669697,-0.19210325938045,0.448421222822501,-1.9262421389864,-0.485563290721362,2.42342432324288,1.59554718107539
0.0825692283286874,-0.190030511520437,0.447315690214732,-1.92565278668443,-0.485887611249373,2.42168420674603,1.59664704536269
0.0851578667537252,-0.188087571124911,0.446131485174983,-1.92490371884571,-0.485887768368332,2.41978137442104,1.59734770675102
0.0876764532727533,-0.186271429715517,0.444881701127406,-1.92400287046896,-0.485576598465841,2.41772305594025,1.59766632415752
0.0901183150899119,-0.184578060695385,0.443578900406126,-1.92295875841995,-0.484969243597784,2.41551700666571,1.5976225723131
0.0924780370719607,-0.183001734918609,0.442235243457581,-1.92177990891263,-0.484083242439534,2.41317159064119,1.59723860211855
0.0947515261295588,-0.181535662930892,0.440862384376785,-1.92047543281647,-0.482938331212603,2.41069580988882,1.59653918025756
0.0969360802476965,-0.180171662092813,0.439471454167921,-1.9190548221141,-0.48155631713862,2.4080994160936,1.59555128521438
0.0990300572254279,-0.178900533099983,0.43807329816137,-1.9175283143329,-0.479960810006315,2.40539317987839,1.59430419035142
0.101033763420438,-0.177711887683989,0.436677737783557,-1.91590693603639,-0.478177580103293,2.40258879600874,1.59282951513556
0.102948526268304,-0.176594198700888,0.435294442959977,-1.91420237034204,-0.476233921357817,2.39969914024075,1.59116104148065
0.104776514923438,-0.175535286148888,0.433933005767447,-1.91242771763525,-0.474158517476112,2.39673848055101,1.58933436265259
0.106521269251196,-0.174521883497862,0.432602667225263,-1.9105968543511,-0.47198163412053,2.39372226135995,1.58738727442955
0.108187426783143,-0.173540037685138,0.431312288283501,-1.9087253142522,-0.469734721210343,2.39066777626589,1.58535937447377
0.109780724145996,-0.17257495480547,0.430070733433241,-1.90682967490877,-0.467450635076996,2.3875936010973,1.58329221173112
0.112804630978357,-0.169808188732789,0.427912254931105,-1.90113494076895,-0.460194884134404,2.3784732710975,1.57686911482936
0.115870764899945,-0.167010664311242,0.425679442938119,-1.89542720840977,-0.453100633595243,2.36934749285385,1.57059878933943
0.118954570770389,-0.164201590568418,0.423377793975456,-1.88976218040912,-0.44615432987189,2.36026283256134,1.56447235625166
0.123668027260253,-0.161275517004116,0.419525639916687,-1.88416258148038,-0.439757211714332,2.35115151499989,1.55873324362866
0.127612614355646,-0.15843566346753,0.41628674520186,-1.87872502579787,-0.433276936947199,2.34222224423174,1.55299424500964
0.13108484443036,-0.155671945245307,0.413379606688876,-1.87349047568451,-0.426789292277171,2.33348780560192,1.54729957220784
0.134492518042305,-0.152968226418759,0.410420614111394,-1.86849604938944,-0.420388751751431,2.32495443527937,1.54170408963654
0.138341939481616,-0.150304101545355,0.406935503768102,-1.86377555787497,-0.414183353606944,2.31662345656497,1.53627094109378
0.141876270785064,-0.147745674922781,0.403604434552768,-1.85938085412187,-0.407984631796816,2.30857059917815,1.53088183208903
0.1451996643509,-0.145297047580621,0.400323228741979,-1.85534606127578,-0.401810485270994,2.30081507200439,1.52554414218364
0.148289733229243,-0.142969957716571,0.397104238808424,-1.85170440129189,-0.395649401797611,2.29338143124126,1.52024683010671
0.151145871718992,-0.140773497054169,0.393940903886171,-1.84848555590752,-0.38949523458838,2.28629051852585,1.51498176879752
0.153735895769846,-0.138717419656285,0.390856753783927,-1.84571642408235,-0.383335653291805,2.27956237786266,1.5097367832429
0.156130745341193,-0.136803900209299,0.387781514444369,-1.84341915655283,-0.377180431052122,2.27320937108889,1.5045128506969
0.158332895131565,-0.135038170388244,0.384708695874401,-1.84161383330484,-0.371024986841405,2.26724553652294,1.49930191960847
0.160345838253425,-0.133423804133914,0.38163177233352,-1.84031689173426,-0.364865608674202,2.26168234008229,1.49409614749209
0.162172732318283,-0.131963056465142,0.378545636719626,-1.83954147627854,-0.358699289143409,2.25652898643242,1.48888783119992
0.16382250096736,-0.13065602647775,0.375440783241403,-1.83929707409366,-0.352524882705143,2.25179227674406,1.48367028776402
0.165298611400786,-0.129501977506894,0.372313540864178,-1.83959038893435,-0.346340886825002,2.24747737197102,1.47843638671386
0.166604790673946,-0.128498365089075,0.369160996796311,-1.84042426942145,-0.340146600052755,2.2435869568918,1.47317923942412
0.167745468819061,-0.127641265742986,0.365980438232899,-1.84179867735256,-0.333942206311071,2.2401218953067,1.46789251470631
0.168728507862237,-0.126925014963216,0.362766647073567,-1.84371012134324,-0.327729306104457,2.23708091501743,1.46257053303611
0.169560337492809,-0.126342659467653,0.359516607708587,-1.8461522556634,-0.321509931186339,2.23446093886968,1.45720799542071
0.170250437693357,-0.125885751239406,0.356225086561896,-1.84911568847168,-0.315287263739181,2.23225704429482,1.45180027879573
0.170806787490347,-0.125544764771298,0.352888821059026,-1.85258835319749,-0.309064850626418,2.23046269391286,1.44634306740014
0.171234500719369,-0.125308984102911,0.34950784234189,-1.85655552168168,-0.302846287355807,2.22906989375456,1.44083224099297
0.17156478513659,-0.125165544994726,0.346058285777664,-1.86099980377433,-0.296640333426106,2.22806830904233,1.4352670842679
0.171784673005998,-0.125102763550714,0.342557899005798,-1.86590196274481,-0.290448135525516,2.22744765534406,1.42964245456041
0.171746696910789,-0.125114138070039,0.339150349489826,-1.87124184684004,-0.28424731027738,2.22720105285231,1.42393838829633
0.17162551762635,-0.125177667149892,0.33567911547654,-1.87699456003786,-0.278073314833771,2.22730929045244,1.41817195201846
0.171426232611907,-0.125278716953394,0.332145983161092,-1.88313510181392,-0.271931418275618,2.22775809478939,1.4123415712343
0.171156623894341,-0.125402104452335,0.328550370892189,-1.88963699010673,-0.265827469388993,2.22853216291634,1.4064464785039
0.170802159279721,-0.125533360886688,0.324912730089536,-1.89647265176229,-0.259763435309489,2.22961596967395,1.40048388439616
0.170383405604762,-0.125656214350449,0.321220747202327,-1.90361317962264,-0.253747556081479,2.23099219438731,1.3944555036327
0.169907048277008,-0.125755128269058,0.31747511914974,-1.91102891841823,-0.247785464417629,2.23264319706529,1.38836199547388
0.169364862601996,-0.125815201555153,0.313690588973232,-1.91868966249895,-0.241880097012687,2.23455119909181,1.38220281658614
0.16876866475049,-0.125820907317047,0.309862910940239,-1.92656441273766,-0.23603756273669,2.23669725891948,1.3759799387409
0.168107174330984,-0.125758115481512,0.306009785554743,-1.93462238323593,-0.230259971459402,2.23906277225818,1.36969357935872
0.167403192531654,-0.125611666188229,0.302116589122914,-1.9428320703326,-0.224554921304584,2.24162761642226,1.36334791858492
0.16664495407828,-0.125368312783974,0.298201257813553,-1.95116224592649,-0.218923676722425,2.24437237913402,1.35694369002034
0.16587632567505,-0.1250134346957,0.294229139436573,-1.95958161572399,-0.213376921350585,2.24727588385266,1.35048849088026
0.165045135470997,-0.124536872242914,0.290256159083678,-1.96805975629964,-0.207908059325154,2.2503191880264,1.34397905552343
0.164166981919244,-0.123926588543764,0.286274309615084,-1.9765662173294,-0.202522151127221,2.25348144065205,1.337420486509
0.161101321024078,-0.123251585651406,0.284320713060034,-1.98508450605444,-0.196851161991377,2.25679080887741,1.330569944745
0.15845104198375,-0.122402986318612,0.281938238317134,-1.99356845626152,-0.191350823983363,2.26016412710524,1.32373252511936
0.156139885240042,-0.121375786641967,0.279204437942038,-2.00199034658981,-0.186008725058181,2.26358310079449,1.31690398000589
0.15408947948728,-0.12016598040177,0.27619908622611,-2.01032327194651,-0.180811689035887,2.26702933722485,1.31007988088254
0.152228227291948,-0.118770463680393,0.272995851858704,-2.01854117707045,-0.175747294493643,2.2704839789112,1.30325673590124
0.150537222887862,-0.117185287236587,0.269618418981684,-2.0266185991967,-0.170811780010678,2.27392694376669,1.29643730587195
0.148942613746419,-0.115409616530998,0.266143258598747,-2.03453157737612,-0.165991869292244,2.27733920305323,1.28961839260413
0.147461011466106,-0.113440616682696,0.262560384662481,-2.04225658798848,-0.161288967794971,2.28069988169544,1.28280706362201
0.146094100125473,-0.111277351282876,0.258874187795486,-2.04977155883243,-0.156701443993607,2.28398863766633,1.27600870767322
0.14437920836857,-0.108933583678447,0.255535981299195,-2.05705746265413,-0.152155827633755,2.28719245903887,1.269180222863
0.14271990663158,-0.106398050182703,0.252165037536029,-2.06409274580355,-0.147714703708308,2.29028415078337,1.26237140386817
0.141165955542305,-0.103671800490442,0.248719630137624,-2.07085870130569,-0.143383125484192,2.29324301267073,1.25559326029155
0.139760646792072,-0.100757614307908,0.245164048790382,-2.07733818786084,-0.139164150686681,2.29604893701564,1.24885585653913
0.138504152683498,-0.0976606122386616,0.241504089914426,-2.08351539197749,-0.135053810336088,2.29868259707037,1.24216466845959
0.137410677717589,-0.0943866022826767,0.237731973357483,-2.08937582875876,-0.131049705329007,2.30112499532585,1.23552640308208
0.136382411902824,-0.0909449866397611,0.233948818789376,-2.09490669695148,-0.127134334640601,2.30335872238013,1.22893763344859
0.13546483970692,-0.0873426966084701,0.230116795256959,-2.10009609793325,-0.12330974978052,2.30536505478057,1.22240846258267
0.134550446505539,-0.0835906229039806,0.226347018682749,-2.10493373915373,-0.119558803260864,2.30712733423609,1.21593578749343
0.133704043819784,-0.0796968084171413,0.222582899467918,-2.10941025740974,-0.11588601479697,2.30862769250202,1.20953153243246
0.132940949229208,-0.0756708470319501,0.218815746020539,-2.11351742833122,-0.112289479482697,2.30984945059064,1.20320326410737
0.131799587353187,-0.0715310368790801,0.215504451954628,-2.11724960440129,-0.108718337996911,2.31078003979063,1.19692452698343
0.133790682998474,-0.0672347576669188,0.209208657614768,-2.12059419500845,-0.105511285050245,2.31138008026771,1.19093893630408
0.135246620773313,-0.0628546913862638,0.203528796485051,-2.12355473561527,-0.102281570062386,2.31166311877364,1.18498707990589
0.136293176922741,-0.0583982896714741,0.198349688203045,-2.12612722908363,-0.0990470174315754,2.31161362983102,1.17908966322236
0.137007205790964,-0.0538744989838005,0.193603280422023,-2.12830895713323,-0.0958190844831666,2.31121762568937,1.17326273937603
0.137477387903199,-0.0492926233225683,0.189209053178974,-2.13009824258998,-0.0926087500703095,2.31046225520794,1.16752187202402
0.137791441485226,-0.0446623593870984,0.185086574148534,-2.13149447505057,-0.0894249431112296,2.30933601881647,1.16188093586629
0.138009184095927,-0.0399938667612332,0.181182197640797,-2.13249780645397,-0.0862733501891535,2.30782862315142,1.15635119285483
0.138043358066373,-0.0352982080210829,0.177587388241109,-2.13310968290494,-0.0831507981092477,2.30593169671084,1.15093742362172
0.138025367981746,-0.0305844829045898,0.174176538209219,-2.13333186239066,-0.0800664367316601,2.3036371505628,1.14565262661125
0.137983385430806,-0.0258623916122795,0.170925458667008,-2.13316722978685,-0.0770221128035162,2.30093884629793,1.1405041745092
0.137981503126726,-0.0211409491363137,0.167773703799547,-2.13261914603464,-0.0740203782554634,2.29783172990261,1.13549955331179
0.137869914810975,-0.0164292946728909,0.164873102973382,-2.13169163518847,-0.0710573495028051,2.29431235308366,1.13064121617669
0.137767472649154,-0.0117349224644706,0.162107537848676,-2.13038963023668,-0.0681374733105235,2.29037849045494,1.12593674021268
0.137592301728995,-0.00706492823640208,0.159560485827451,-2.12871815971914,-0.0652603551433094,2.28602925772375,1.12139006783174
0.137429879582635,-0.00242541086599232,0.157147694874931,-2.12668313756321,-0.0624282994688687,2.28126519304015,1.11700611135548
0.137538011794321,0.0021780939643756,0.154611685578643,-2.12429107807921,-0.0596407034298851,2.2760884660863,1.11278729463297
0.137578035459019,0.00674111309539901,0.152290640591584,-2.12154868345028,-0.0568963690779391,2.27050258905088,1.10873492132357
0.137521107175541,0.0112603897176765,0.15021297469672,-2.11846345703804,-0.0541975181869387,2.26451255723858,1.10485204878583
0.137435523041036,0.0157336950567869,0.148308818449673,-2.11504323274459,-0.0515450082824042,2.25812491026211,1.10113993070534
0.137255043038604,0.0201597424281449,0.146643004282921,-2.11129658090577,-0.0489414422044011,2.25134762983812,1.09760059790557
0.13709754855581,0.0245379047612437,0.145094458883542,-2.10723270832913,-0.0463849203825397,2.24419056967206,1.09423200961736
0.137012490353944,0.0288684927107936,0.143609918586943,-2.10286115578544,-0.0438732685555084,2.23666492732383,1.0910312056028
0.136885291492128,0.0331533806676946,0.142300620538872,-2.09819245864683,-0.0414102511618807,2.22878348067417,1.08799869389884
0.136760226897874,0.0373948713338949,0.141117240916828,-2.09323776360613,-0.0389943031593513,2.22056085042182,1.08513045124357
0.136618756091502,0.0415962674790872,0.14007300963719,-2.08800900763038,-0.0366260372414293,2.21201300221495,1.08242308933536
0.136544180940266,0.0457611652448316,0.139077562840819,-2.082519186969,-0.0343004192585291,2.20315806646713,1.07986854499055
0.136470928195851,0.0498945361842279,0.138190269365721,-2.07678222660352,-0.0320200468603398,2.19401531135548,1.07746344376506
0.136430502403431,0.0540017668433596,0.137371406173188,-2.07081308735117,-0.0297820880918345,2.18460621399987,1.07519935890997
0.136444413487166,0.0580885663870491,0.136590677092471,-2.06462803026893,-0.027583703561237,2.17495371414405,1.0730673190235
0.136488679053869,0.0621615483461309,0.13586310887606,-2.05824473941353,-0.025425126505878,2.16508269748425,1.07105957271358
0.136623999126531,0.0662270268139238,0.13511688921078,-2.05168221037778,-0.0232999541770604,2.15501976740196,1.06916278662134
0.136847971882849,0.0702922208641333,0.134343321140524,-2.04496101597837,-0.0212061552913966,2.14479344116335,1.06736570495931
0.137188707315222,0.0743641412924415,0.133501849868126,-2.03810363800213,-0.0191389066484217,2.13443417121938,1.06565426643035
0.137835769592121,0.0784483060173025,0.132385891010535,-2.03113428075262,-0.01707747957993,2.12397447656618,1.06400211744684
0.138412786433709,0.0825562409105845,0.131365930333545,-2.02407872125897,-0.0150540969118994,2.11344795447677,1.06241937208907
0.138934647048437,0.0866956588880903,0.130412838560354,-2.01696531917273,-0.0130669603098116,2.10289109709945,1.06089102959377
